address,balance_sats
1Bjrramo5EisLKeUXjw9GcUcfXcVnpi6vK,5000000000
1CtABfwubzxuoHacNEZ6FJCBumtTbz71AA,5000000000
1ax2fn3tdpH1R3A2yNFtp8Fn7Z7rt9DnY,5000000000
1F69kZBVERfCmMzj8MvXm8U8p27isphqtY,5000000000
1FqZ84KUqEE7qJVRRTauLXYRjt1JfyPo71,5000000000
1CwTYt6geNuY7JSHZijgSzSqtQLm9xZHNW,5000000000
1LNQBmtWLwwsRS3efnjHQNT617wjrJb9wg,5000000000
192xCo6ULYkbbm84H18Coxzc36j4gLyGn6,5000000000
1zL84Kf5T6KKQwTCWZiVoo9GSV57ChdUt,5000000000
1GwH55QhMxcrwZPWz4Akp3tcK6vxeqg2uH,5000000000
1QKJnFPvRoZ7avBhxqwxhsEv62JWYoB1R9,5000000000
168usSBH4Hav5ivkQ2gYeDd8w6sJsd92zd,5000000000
1BgjV8ERwsPWUzq3p8xXLekUixBCeVDo9w,5000000000
1E3ENaJ5UiVWHyzHvDa3jpnj1RUaKgdF4T,5000000000
13QLhuRNGX7Jczs3Sq4H3Hoj1fUtWF6EVt,5000000000
16LdiHympMFsakyiBpSqEwrCvJZnzugsow,5000000000
1JDtiTXT4RSPt1kKmzxCWXnxxzhPRzpe2R,5000000000
17qC5cT9SWKt8DcKQ7iNe4nf2qifsnUeAF,5000000000
19PFT4oCetuFmCUY4H72Eqgy8XKAVFqmkW,5000000000
16Q4ozBMbGMJZWVYb6J596hEUZ5GEdKe9N,5000000000
1B11PCsQYfz2TyLvdKUN9vC5bdzYmdnAzB,5000000000
1AKKCQDyvVgjdF4SfX9EWA5gUFAtwXANEa,5000000000
114vgHSVHNiZ6LfDkvsSWGnBhgskQridRj,5000000000
1HaCsiLVLJsggBhgwd1WCiWzAWLauHstym,5000000000
1Bf7mvkHE6VKorYZU9YNYuff9vWGqpHoQi,5000000000
1Hb3JAN3oRMxggAM4ApR1NNrPANZK6BaTt,5000000000
1FNpkBY8g1QdoFEXQXJ3Rd252LX6JUJpgd,5000000000
1JmhXdXsN3syKzXErNa8knwdYCencx7qcf,5000000000
1DZXCW2YVeqJUgT8iZdadWM6qKguDzdh46,5000000000
1ELoR6KgoqxtKN1S9GouDzVR7eppFEoYxe,5000000000
1MFHLEQYPiJMg5F4U7Hc5Y2QnpALqwuhhn,5000000000
1CQUir5pGvS6B3YRpHCfZDTdBe6C43Yqn2,5000000000
1ByAsJn6gyPkp7XPfvDn9xM7sbdy9M6i4Y,5000000000
1GBXngkC6KSboF5zZQxdWdG2QRjLhR8nV6,5000000000
16NkdsyZCSCRAmPoEw1LStQd6WrRCdp8fg,5000000000
12PjtXcTV6xJ8QNwbJzhLaBTzX6x4YmLgh,5000000000
1AHXkR2xQmng1EnDsvxm7997pY5fhQAro9,5000000000
1DEqMqTHQPFZDfWzoFXonMNGwEsFx1XQ13,5000000000
12y3TxZnvuAbHnQsg5ykN4PCSA6DtLQh1N,5000000000
16yLygNVvuWzmzvixht5kUaDmn4FDUZNHk,5000000000
1ECWaLXmhAiT4bTNMZcW4hJqVJUQTQjWv7,5000000000
149SSvmqH5Q6V3eyCgVQgaP9CK1LCjcfuJ,5000000000
1C5yQmCEF3BdNu7YzstZC8mcH8gsREGGYB,5000000000
1CeL52WuFKeA9tdX7oj44wXirrrEm2rBwg,5000000000
1DwhBMRQk9AsCB7aiuBwDF6Qz6HCU5qohk,5000000000
1H5Tz2dgcfv9enTNRXrvoDwGMKhHimLX3A,5000000000
1fmYsJ4RPyq7gpt41iqYaFijfTdQAJvNZ,5000000000
1HfNumLUGm46C6asTxLWvPnfgBeb6LFoKs,5000000000
1PY9CcLbysrfQmjSzBbLYo8dL1r1LTvDe,5000000000
1BJE8eJjSjxf4LbTUWspHdQQyf7G12AVE,5000000000
1LQ476ZPiz1GBBd2pQseuHiXcsKuQvXqDw,5000000000
1HLxp31NvvTxH2N13TybrXDYm8jQ2b45em,5000000000
1dGmfJnKVjtTMH5rPrkoBb82YRmJMDqkn,5000000000
17AZ2jtdx7pn9phGtSr9ayF2VAdEE9S5qv,5000000000
1FJKnVMedP6X7cwsMJhi3aWagZyATcQqcV,5000000000
173Czjd3Ysq5tT367oqrpFpphRrg9ZZuxF,5000000000
1DopZ2tu8SsJoQUr45Zvw1LBDESHHzCD1t,5000000000
13QWJKZ3UANVn9yNpQB6aK8Ek7c6yeULks,5000000000
1Hnjz4ZWDH4iRdtfardwj7UHTs8FZag4rm,5000000000
1y1JhsUEBcHoQRq7FxkoimiTHtFMiRYA2,5000000000
1MVMnQFdmd3TbHxYLg9KSj4Yy7T1cXHJ9S,5000000000
1Q9tKYKyCBe26YjTAJwGbYJrosberV5JHU,5000000000
1EQDkN3jasQkc1beQcTXSZyd6BaKBTCevT,5000000000
1BRPz1PUtipHF663QX39vmC5EtWWPW5xE9,5000000000
1KDFGcSecMVZruTdKtz6BDQMFQ9if5oKcB,5000000000
15mb3amLKzUgc4BGYktagUVnJMH7N6GN78,5000000000
18CEbMGFQuJETWQRPGNeHb6DBbWeMmq3nW,5000000000
18mdL9Q28bnyA2EUks7ckw3q3CwPWvC8h4,5000000000
18yB9FZLZfBnXP7bEVWgLyPrBxLRJE76Ls,5000000000
1ozmw5Enu9vAVmLe62f2W3LeJyxpkz2Hi,5000000000
1CfCNtXrv9SPUZBkVCtU623Ut758aHCW9V,5000000000
12nJaY6Yz6GrNXmjbqhhqYqF13vEEzb71s,5000000000
1HTYmJQVcVDzBWuauRts93BJykXotHCa1p,5000000000
1FLT7yRyyMmSTZRwFvsFPcEtDptCF1bno8,5000000000
1GvuqwEFHDzYHnTxRCaQwqsYFVXtcQvR5i,5000000000
1AskM6ifTb7UA2Jwf1nSYuQ2bh3Zt9ttYB,5000000000
1JvWB26V54Xno9qWfJntPEsFmxeCT4JEoE,5000000000
15SQtmWa8GXNcJ7D18GRddkHqy5hnSBksZ,5000000000
1HWmM78SArXKvHLNPod5y3ub52JfRWsWx8,5000000000
15dMbrzMh8mM3oPNG7bSQx6Quwcg2tMacg,5000000000
17GQtjUp9vPA8QRtPgv92AaPbjMtTshL7J,5000000000
1EhadcAPfYirdebzNrCUZT72BmtueVKwMs,5000000000
17tkEp8KBxhLmMqB8R3cfTDoQR7SXAZsNT,5000000000
1MTi3LHupTUVC5ajLAoCsWBSYVARCFc2UG,5000000000
16Yce23v7cSoCC7CJQg6bULYHHkVjAWKcj,5000000000
1HkTSqCUnVp1kAYRtpHYyqc9W5RdC9FhUv,5000000000
1Hpf3ihCuFL84HfuA9psZt3e6wrP5iPqY8,5000000000
1B8wJrBv1oYLYGSnRTYV2mFK4yKoDPT7uw,5000000000
1Lbmon7ykB43V77VkRWPgkj3bEdN6Z369V,5000000000
13WZvcJDGLqFAJwUcqfGiK7K2KFHvzLVm2,5000000000
1CNV2FNxizUtZuqjbnY6ZA5tmp5hpwG4of,5000000000
18JVRV5nJfUngyXZuHiviMe6CQMB2y95br,5000000000
1KytmYUN7RYXw12qeYFzRqno6kEJu4Em1H,5000000000
14H28XqBFeL4siwhrizZfgt133fjLX3znf,5000000000
16Sn6fx9AZVKxVePXJym1wQHAGFdawf7bD,5000000000
1NHzbeLSxoPFfhEx89e4CjUkaTfX5fmxWD,5000000000
15eCbjbLFSfNkoMBHp9kKDxn3nJ32f3ptF,5000000000
1PiNEgTyzQZ5fYpVxTKGegAd4pnmn3L3te,5000000000
1QCc5HZhwyX5JfzejsQ7DwPaiyUAn7mALT,5000000000
18jcYCA4cjCENhKrm1NvZhA7bKELPHgF6P,5000000000
1LxphzsdFFVe5j2kFqr2D1YaydUvuub8GU,5000000000
18MqvJfeQJSyftDDdgLnoYuuCdd3oDt5WP,5000000000
19reC4D5Uo2hgJa6CxB3yAsT6SZqDb2X8E,5000000000
17XQURuUXm3KD7xfNYJwMvMziRojWYvf5Z,5000000000
1BaZ6JwkPwBKN4xvjaGkq4Zxd3udwjB5Kz,5000000000
18UX6z8mMg2LVY3a1izacT5njzNDRJZBkR,5000000000
1AaFHds653yzeuTE6fZTmLeVWA2NdnHF59,5000000000
1FE7iHg68ASfTewxr5XL1ydUFWruoK1vgJ,5000000000
1NrjQSKcj4B3Q3JD7ejyQEj8B8wVj27daP,5000000000
14CYjYQMQx2Q8DEaDZY1sAQgz2nJg2KAR2,5000000000
17mE6koXaSgqYsXdnurVDVt7Mgvqc4YtSy,5000000000
1Mtm5PBzaip5oFe3y2zsxym4ACDr6KXxzW,5000000000
1BufzVsDfphC3zAycnrXZGaKLAkhqmQiEw,5000000000
1LU3teKhMdpGWbQNbeLDXAKPC68N2AeyDk,5000000000
1NRRLXfAipwVc4xoZMyj71qVpCevTBEA7f,5000000000
1DyfdRihd6X444e1wfkhxaNGjJivRTAYFv,5000000000
18CV8RrDji9YFYkQKJ8s8gVQfHWL9eoGn8,5000000000
1HwheHg8bna8SorjAQWmTcJwwM9skpH1MP,5000000000
1P1MVa1S7FmExpC6riae34xHyzn9ug1wvF,5000000000
1K1MinszmurRSjEmGTk5DLe619VBR2DPAn,5000000000
16RN8LGJSb9RvqmHaEwdXuawNBimzbuYW8,5000000000
17zcq5mhBrchrTgF37sEty1WuRfmjm8Y7c,5000000000
1B1RafpjrPZ6LoFFnpgqbSBUPgnKCfcnhe,5000000000
1JnoQ1brBJof58uNNye25j4XA8DtY3G3Xz,5000000000
1JehPhbx28DoTvHhbHiwMUYnc1TRsNZoae,5000000000
14hLQJ1vSDrRGQNjohoS9Ln1Cih3wfT8JU,5000000000
12zxnDKGXHSgc7TJ2TyDj4GrRhj9GWab88,5000000000
16YggtEn6zdhV6FY6HeQTjzDkUhyk64wb2,5000000000
1GMpFhYMGCbQqMRGCGdDfHk74miwcqMZWZ,5000000000
14TVzgWA1nL2otpG8vVLTu18Bvp7ABc8qj,5000000000
18tvto16HiRv218zjijG7NYMZ1RX3pqiR8,5000000000
15e9Rbw3aTmxaCm5GepucRwDWRbCKEESFD,5000000000
16wFUJJhWnvj9epqXX6YPLuaDNzDP39gnH,5000000000
1LhMkoTkpaWEoiKPaMWW8Lq1H3UU59Zhuc,5000000000
187tfjXha3PbdvvKJAK5JKWZCTvYF8RoML,5000000000
1FzbKyVGZrFJpn68tDczbJQoJ3ankAxMRF,5000000000
1FLLtCveUBbk41xDqDSTCmuhFUyNAq9Sbd,5000000000
1C6aSnyTBwAiJoeTSZgJXGDrUDaZfAC3rn,5000000000
1Gax7d4S7XuSPGb3uVf2dc37TG9ndyzHre,5000000000
15nVsSqMK7FRDS76MeXWNdKzGk96qLi6WC,5000000000
16Y973dL5XgZrBe7KYk8atUraaQ91KzEYz,5000000000
1DNCE8gfdMvFVaJzzaupu2yh8V3z3wuQhj,5000000000
15ok5vAuvdWUTFEkXY54SAoqRQY2qJSr2v,5000000000
1E6uSGV52e329N7q8kUHXQjT8ymt4fyU3R,5000000000
1GHf7YpdVjxRzKbnpUkYuFjiYkGmC9tk8d,5000000000
1scm2hCjsyCWFq7uxRmmse6F3TS1VoWiE,5000000000
1Gw2ykC3aRtnAYjk332E53LKH1KVEDfx6h,5000000000
1QCHfUTT3E1rd5D6gJ8kfgBmitkMcb629C,5000000000
1KxA8WG4C9Kdk9ioKRfwhwVkCVXvw8wTYU,5000000000
12D8W9T4Wxtouwg7ZrG56LSu6kbL2eVFXt,5000000000
15CSxzLueB1FwA96XaebQ8N6PB5GRkzzeG,5000000000
18hwGW8XWRzqehWiAHWXj7bgadtKVWVXeS,5000000000
14ddDJDjCuHF3tJt1Bjbb88QjWeimy4wpa,5000000000
14W5Lege1KxPzmPr4Eum1nf1tabW5aojD8,5000000000
1BmTBfJXS4wupt2fk1famH3NrwKggYNjRm,5000000000
1G7upgDbZXAZ1xk6GeuzyzAwsPy9xK2yis,5000000000
1Ksc1eDj6JBh2uaesC5JzSsHGmYsaarUzG,5000000000
15iQ2g8oXZAsFB15UWTNwG5Mh1pPxJAdbA,5000000000
1HHMcntZseXcUPmbP3ruwr4dKGsZAmTShT,5000000000
1EwWS4PJHNCMx9ZHGMuiKXufPrKtpByDr8,5000000000
1KaAQcGUrYrbhQokeE1Cx19BgEnAAF4vKj,5000000000
1FuWJPwqSMZnk3aSKsUdHSNWDxiUqs6r4q,5000000000
1Gp8j1NoDn6b8yE8k2t96c1WmZiJukJ8Gh,5000000000
1EJpyi6CrVgkYRdhubksmyQSF5tpJSxqRW,5000000000
13PcZDNN9uPd8crztZMtDtyXKiwripZ3na,5000000000
13WU8TTk6S9h3Lveu8D6WcCnxpgo9GXj8S,5000000000
1EqVU5a5LijYQHvytWmQ94CG7Xo81UJjgH,5000000000
1JamtuRRu9sLwJeeNzwRdWNJtn38AvoKk3,5000000000
1MLs7eNxSfQPbVrfWeqCmuWqR5Ny3sMUXN,5000000000
1Nqy6XY9DgB18YtLSSpabRGPthh6P48HLd,5000000000
1ADhqScvXxRaAmVk28sTjdU9S8F1nC6kVW,5000000000
13J4h19m7zincRurm3uAtJ5XziTM3YSas8,5000000000
12gqrWV3eU7gjqPR6Zz5vuCH43qC2W2MN8,5000000000
1dPC42yWdcKmXcQAcBMdWMuB7Apb91gxv,5000000000
13BtAmAVsNhsu48AiiP7NTB84b2cdsN2rY,5000000000
1Eq5NVrxXhCmycmi3UEZ7jJRb16goVvctR,5000000000
1MXpoyQxhFyasKfnPNmaijEW1JrvFcw7dZ,5000000000
1C9su5tDN2YQkbVFPAybNr5AzQzyYYoBac,5000000000
11679B9cmcUbf2CGmATmLGXHtm7qZzMEkq,5000000000
1BpymngftQ7kR9GfZz6HfPNmg1JPTcBsXy,5000000000
1ETue77FLD3XaVPRGMbDrNsGZKEKt5G3mF,5000000000
162zGqGQPXCXsPwRDajZ6gmCr9qRARoqCh,5000000000
12yCns5ctV3sdCMWqHmzRwQ67K6qLwMPka,5000000000
1EcMYtxLjZfnNHQYj93oX6WAc2WLPzJN4X,5000000000
1C7bqx9cmHY4hrDuAN28h8PQUuT5PSuyj8,5000000000
1KQ4YuQs4kP6zcJhtDG4QiPeMNJZTsu3PB,5000000000
1PbTGsXfazoTuugFuqNorRfqYD5GaBH93M,5000000000
16JQQosVVWfZcDZhzWpEoYMg1VAr72Smwk,5000000000
13UoCZeduJ96tBcPRd4Dig5EinZTHuUjTB,5000000000
1MB8atVhhaZvb6M8xwkM35GMR9BBzcgeCv,5000000000
19mQDT7CHKPL3KrtYUwjMpX2K3tdoVwSVM,5000000000
1yheJfvhURjgeLKTVnqpTuZMVLAbiKFoH,5000000000
16v5U6zvRQSWU8tqgX2KqYPv74Snp88BmX,5000000000
16wFG1i3fJQS5vGRzQf4vjsSAAyV2j7Fmg,5000000000
1DQiptPg12zsmtTCPErXQ97hJAg8dnmK5A,5000000000
1ixwskf7Yqg2LjfNkaqyGiEiuniEkLL3S,5000000000
15mAVVqWHqHCsvkpQx63xpjxgFkAT8aeYX,5000000000
1BHcYMSwhfjoSMbHebenoqmJibnUYzyuWN,5000000000
1E4waMvmHQ4NVq5RucHvb7GYcb3FGfJN7V,5000000000
1C2ETndJ929imXe6WGe6ZG8qTx9Eo8HABP,5000000000
12h7etydenQtcDo9DmwvGZdXZChLSL516m,5000000000
1MRRxKdc37CjTH1CtheaWZ6qV2W22C9MwE,5000000000
1DhWZ9SUAEeS1G9KkQWvkcQEKtZVCKncVG,5000000000
1K7z84hSBbUT1RHmVmStYJWY3kxGyfrvnc,5000000000
1AYvDNbEcpf83tEonvpD1LPgarVnad6gC2,5000000000
1MW5HsfyoNsuTqXjDW4uXQj3d26TA9KXUg,5000000000
1DNVHpoFaH72b4ku9KzysmdautdGyE5myh,5000000000
143pUMA6prk8io11AMEv7AU5ZY6YodyrQR,5000000000
1Nz6DxWNfFB6e6GdhbTVZibSSN1x3CZ9uA,5000000000
1CP8DP3xx7hEoE3ntMs8Em6YTtTE1cQCMP,5000000000
19rtrA6LjdLRMkSwNEhpXgPENPsH5XKudd,5000000000
1Pbw92eav4PFe2Xu7scEAtZjbgEAdhTTi8,5000000000
16ZShWAYr55vtvfm5A4xuZhEtqpXE4BH2s,5000000000
1Htew83zxx7w1bLHiTaEq6AkTSZvYW6F4r,5000000000
12xDhjPLU7529wCqgsaoAVk32mXJYG3NcD,5000000000
1AmmiTaKgFXdnKj3HCMq5VuT5Z5ynWMttG,5000000000
14RMMzinRB9qwgAXth7xZPFCudQnJGvpQQ,5000000000
17euzH2M4wQUNDUcbshsLGF9b7ByfFY1ti,5000000000
13sVNqXgLNwUJJxzRUZ7Y92bT22B8puHUp,5000000000
12FwqsdJjxL9cH1NiYsMJ8Di1Bxxx5RbFV,5000000000
1JRfkTZhiBzsJGr4L9NQE98hwD1qZEF7q1,5000000000
1GoqPh7Zxw2ATNUYPy17E4iCvQnSg2Pdce,5000000000
1LB8u1nKN6Hc47UAi3bTQf8GiKSLenn7gU,5000000000
1HwwRfxwXQ3qmtwQmkaUeyUTDXc4yAkYsk,5000000000
1JA3YJ4hxjMxqPHryjJfedNQ4brM5ps51j,5000000000
16qNnTphC5uPkd8f2ZDqMmybzPQeJtve5u,5000000000
1Gwgd7EwMwRy8e7JVwoYt9VXKLScu3ddGV,5000000000
1Feq45CNmXmwXMcJGANpq3XM7R9xZLUxNX,5000000000
1736qihMctjp3ACUgTbUB3aCaAbjCaMWkw,5000000000
1AzuppCEAsdCp9CDzc92vcbZdP5yrwdpXR,5000000000
1LuaC7uxK3hxWRCzn5bYzeKhj118bVQ83i,5000000000
179vvh6Ha4HBLRvmvDodmonEUL5Cmntzvj,5000000000
1H7jsCpRUEEuPZN9yvsGUHcPX3VabN6Adt,5000000000
1NeRmdK2b3bfdUVefQwYA8SfH8wR4huwVy,5000000000
19nGC8BpjDXJPt3GgE831ugaifYN52vB6A,5000000000
1BBo8MU7LXPF5nhDuyZ72Q4massC36AgZ,5000000000
1JicBMEPYoo49tPFLKXL5Tb4Ln7HRPBR6T,5000000000
188j5LR31qfsm4tGDvrgAiQvQf4pSDMdL9,5000000000
1Pvvh3zGTPygCEPxFU8vXJDLYTFnhpeUiH,5000000000
1WFDPbFiFUpHNz8MZwvUv6GMqZnrZSJx1,5000000000
1J4JMChMzjPEiA6g2zT1w4rkAUiy7YqGH,5000000000
1EY4ay9oAp4JEdBpxcjZhytgBCKqCseczt,5000000000
1Cy1im3KvjgQBot2jyR3aSpn79vzaotd8x,5000000000
19bGTwFqFCirhwg8BdiBiZgYhTKzSEGmA1,5000000000
14Dm9dBNGEMpkrJrWBndgFuxEc5WaDRydr,5000000000
1CPH8nKm5LfbSuSazViKbbxfZGkkKpJY4,5000000000
1QJqaQ7hWLF98tkDQLa41cps6AAuV7YwXg,5000000000
1MSb1GKiehE32m8cPAhUQbub21SHZHbom9,5000000000
1MvKtriR5d7VvWYQaDMC3VYwF7KQHaNwmt,5000000000
18FNHZydc2UdLssR3DwUocV4DFZBkcKajt,5000000000
1L4Dnq5qjAqoReKNmc8RuP68JDS2GJEjaC,5000000000
1EDLMbT9j4CADfJ5JfagJgeoXNER6xZYcU,5000000000
1LwHfb5v95QFVYF6drwmpThtaWpC31QB74,5000000000
177MnEuCxDx65GgxBmEbtfbdkAhoa7V4Ks,5000000000
1EjhxJxhMTQNQKBZXFDMEEsTXCYF3N9nKq,5000000000
1BoCGogcBKbEpM6XXwWDTKWw1rkDjnpa7H,5000000000
1mch6zRXdbNjwkg8TnfgPRqc9uh5Z8Bcn,5000000000
1AWq3cpY3PZvhHTgsYgUYZsbYmTjvmeYJQ,5000000000
15FKTpy2XCbT9hoWD82HbuqZ586HThdSr4,5000000000
12tDwhedtbU5B6x2DQpo9FhoXFYubZQXvP,5000000000
12NS2vQeEQCAcTQKgayQY2gHpqHHuhejz2,5000000000
1N3SdYCnzZUfSkyEBRhjFLgun4vZmmgYwJ,5000000000
12Vvvj8ANTfZkk4u2kMPSnDTEvGAQU6A2E,5000000000
1A5ozLoiJEYoPWqvcPUyJ6mioGGaDrMSSB,5000000000
1Pm5Ykzym9Fjv48mzGNmW8YFkJRCfW9hj3,5000000000
1iM14sCYVY81DVeQCmx2ZadbU886xJRGD,5000000000
16dWcopmxhjpHYcvcKadviNjVJQUfrdpEH,5000000000
15XDeuYCqbqcmQqPrjv9dPugn7pCYWHpCv,5000000000
17qLwd3wJkpv6GFMAVThRnzANZ4angLvHU,5000000000
1rGxVs3jcsKX9MVPg8aaL4YG8L3c8ZZ1s,5000000000
14nc1AZgdRH9zZZeLf1Xpyuihithfer7Wu,5000000000
1V6PNCKkx6FtzjDLN58fUXAtAJysuo6jF,5000000000
1E8xkwrfoyzJpGtKsKEpq9nJoL1UF96UnM,5000000000
1QR9ftkAXQxzY3hQxuPDqdTGNUo8jAfeX,5000000000
1LgdNuUpLPk55PMo321o28fp5XnigQx5V,5000000000
1AeJxqBy4UeNJKDdEpyoikNJzZ8M81ztYL,5000000000
14EczCMSvSJjArC6kQwhiaG4z6dsLNvaDZ,5000000000
1JhWRewPnE86PUmTmT3S4WybX7S4ix6Jb7,5000000000
18mrf879UZgPMYKqyCA8o4zZbpyQCn94s5,5000000000
1FhwxjT8B6BfiGWRfjdnN8u7aeDY8a82dq,5000000000
1L7QyjuYijWcGGF5zBrgCHW2UpyiVSaxHr,5000000000
13AdVMNbm23Fdrs6cqgKvi1g3KanK1vERP,5000000000
13ReuGJHt16YMFnVWeh7oMmLrtsJZ13HAR,5000000000
1Fm6Fe7Hp3L2DUnWvgT9FySmEuk5H1iqt,5000000000
1ws7JcYeRvJcX3tmPs4c3Jeo6hpe87VGj,5000000000
15tPVTVBpe7K3GyiAuFPxULriWJfqzkUBh,5000000000
17bcWsTxQm8MhMQY3iXkih8MhRWqbQSwKm,5000000000
14GCd4tFEgonydxgbZQT2k8rhpwNyQMpEK,5000000000
1ALK6WDGtX76odXLst74P1DZggvB7yAviM,5000000000
1LpDytDcz98uWDvUUGSHeWYXoxFrWARd2t,5000000000
1NTqx7YQgDCFSKiubiujCM9chsYXD9h8kS,5000000000
1JtFAR5vgcimUmcY4skyirmGkXVCakdnaB,5000000000
1PcoDb79QFMh9A8kPYhoNjSkLgxdvcSSby,5000000000
128sZCC5MuWY6C5nHaoLT4ZfvqUpezR4NL,5000000000
17L9DoVBvFbbwypzdD3GQWLAmLtQvfmXas,5000000000
162yJAbiTESa1rzmyWDPFDG3tmmVEQHgKP,5000000000
1TaSJi3MMUM4KbJfR3VKACgB7vDtG4LPC,5000000000
1BNfauYMuALTsWsdUEToBCSk6v6wN2422q,5000000000
1H9C2BNChM86hg614SnVrViiQLZx5QXs8,5000000000
198fTh4MXAtRVfZyX8uqRTZBFg6aNbD1ty,5000000000
1Jn9qbA19RMqJw3MenexfaxoTNiX6114nS,5000000000
15dMt1m9MH3wgYoCmg6YmniyouqNR6y7hY,5000000000
19j44FFSs6ffFpHC4RQMkE8VQ3NoGyeCNE,5000000000
15ykLQbfbc8DNRvr8MhJaxgcmyHqfsHoKv,5000000000
1GKhGEeRTznhYX4Xa6XzZjHJdf9vEaHK6k,5000000000
16q4xc6dADA8Betna2YhJopT8au5uEkUB,5000000000
1GmfDUAmPpicS4QMCCEs6Qkcjt7XZCXDGh,5000000000
1HuJxzi7fMjBThj2p2SpzdRnKpdzecdgYL,5000000000
1u4x8BHegwosTzpcAjgYHdd7Z7FBYEDe5,5000000000
1AJ72zJdt1TQsPFFA5qPCsaYTtmBepaeVY,5000000000
126QkvCkDuCvRC9k3tcNVGbmADiYFqkGcc,5000000000
1ND7AzUgJLq4XW4HHrXDb9V6hn4BC56Gco,5000000000
177fReRydumJLXCmS7RVDNxfFetqFt6P2w,5000000000
1LVMXrvcPHg4JjPk88BSAqqwifGDKd6DHZ,5000000000
1AjVJEQvQ5NPizNwgMim4jDpub4BZknrNk,5000000000
1GW4Teg9qU9UjR4BqaPtySz4kmDwmksPog,5000000000
158b1xN8s5Kg7ZFCuVhZNNUAwLriBFuarw,5000000000
1EiFFJUXgPzDiJRGdV61cYXz4w7dfsQvB9,5000000000
1HmbYbedSpCZkCiL692spU8XSxrBQ6Yaa2,5000000000
1EZd6q3TgaHUyxUAzNLxSQiFUsEiXPtEsf,5000000000
196hBakvvdi712ruShskTnKHAhLEW7b99S,5000000000
1Kcutna2E2ZtzNh5ZHw3HsS58xpLVhqmqX,5000000000
1JrrryFHD11EM9mi56rRxNnEw7PY96EJpH,5000000000
1B9Fd2CPcAptFVXR79odV88jFqsX175CsM,5000000000
1EQVbtg8MZKkvFRowzVkdPYXzKLNZdmhnC,5000000000
1Fzoo1oKSWBxaHm42u4F9WysYU67bqPZo3,5000000000
1JUnu48v9yjGMQWaB3G9tfP6ZqKh9hoRFb,5000000000
1ApnfRUczt8t66h57B7rxrGiE2w5seRWVi,5000000000
1GKu4JwRwd5gC8v6WeuY2ny3nmQtGvfidd,5000000000
1B82LNNWXB8Cd2KbdRJSgp8yhW6asFmaib,5000000000
1LraLFgx64rJyU6mT9BXCrFh1AnHLWswWf,5000000000
1CYLFa7n4318TsXXFszyfuBoJUJeAwcwkc,5000000000
18UodpQDWADVH4WgCDD8Rhti2j8bymUCX6,5000000000
15ZzA2zpxfKCTdLBMHG3PmvorptBMJnkT1,5000000000
17mdshj4x3iTnp28eLwWHPViRN68sYgvLM,5000000000
1Jr13yRHktPhsjA3BHVdJiJ6TTp5WWMVaB,5000000000
19goCSX9CywgwQ9pSpJQuZM3hymG2YkgT7,5000000000
1BLzydSg6VcxGUhzWiSvFLEdhCfaMFxwtF,5000000000
13ewWotA9jbhS6wJQ2QCFW4hmbNsMN8YTW,5000000000
1AB1QxNJF8uJJ7LUoc5aKCsjbtyhzA467d,5000000000
1BBW63mwxx577hkxv1CUAU9RdxV2TaZEAR,5000000000
1KwkVpjrWH6ykUBi4MPWZoNm1RavQ6Q5Y9,5000000000
1AAHicfXG1pa88hCGrLW49fmYvhTJm6xJo,5000000000
1AwKda55PhFjxLpLUWgVHzmj3mKvUaQ3CU,5000000000
1QDtThte5Hje4624xnCRKxzYuSvsYyWJEE,5000000000
1FSSpgZ4QXCVo31tYASQrSdqZyRU8imnqM,5000000000
1ApQsrqgnWjspVXGomxwuQToXcWbr9pTBv,5000000000
161AgLn1Lv3ndUjZpTWpeHrzijtH1NgXCu,5000000000
19oKgkzwgkXmXHvGSPx8dedJNsBFqAESaG,5000000000
19cYq6sitjXqLHdoVMrq5yAPhPB4omD3SE,5000000000
17psuEb8vbPfXDgdV5jxefGR1vR25hPFYc,5000000000
1Dx4LDMFcoWLF7JCUfTPQC2K1PNsf15n1e,5000000000
1JVXKnXeDVVmATtQb4HWj185o4QnKJAs4h,5000000000
16tQj8xjsX67fhD9pHkikYwoCnwWckHpbv,5000000000
1MngxXtUGPfXzwhQEMSYWtGMvggsHe5vZM,5000000000
1D9skXbeH4wzcUsTvx5QBtLSU1Q6HPcgYc,5000000000
1JQka36Ce34ucZyeY5bC1bcE4nUk78943b,5000000000
1GLyn6T2rmmJNQFqwGpw3gamZWp7euiX3h,5000000000
1AkVa89P8cmtcT7LLDpzHhJ4z3PUcGDzd3,5000000000
1KkyuyFdz7ihhBpF6jPLGZSiCGdCxpG5wr,5000000000
1HN91JTh1bxrKhNEKtaWvNSeWoxgqadiEN,5000000000
1PB4zpbC2ANcP8NmquWkGHQ7B62ko4g8fR,5000000000
12RDcPBiZ8WWzdk16AMshxj47h6KqdBrFX,5000000000
17juiwuKHAErK7iZuSaTUgkiwFXEYmcEuj,5000000000
1GsyATUvQDK5jDjSFFi4FA4HVM24CRREuw,5000000000
168bNxvtgLUWVG6b5WBBJbc35uzRuGp2iD,5000000000
185zJPe2iMnMnFAQX8DUP28fKxtetyRqm3,5000000000
1PjwE5UsWWUj5moaZMyKQGqj9eoWvS3fpQ,5000000000
1LUPi6QxERFrysjCDimQYJAek79CEbS5Z1,5000000000
13HUdfEqUXbVyoqGTo5MJGbygxRWFG2k4J,5000000000
1JGVe7FNnwEhRC6yz1Le24YeCKAA94Laui,5000000000
1LURGiKWrnX6n5enrjVNkR1ppnCMajQn2r,5000000000
1HKRQj7K9W4GghULbfNjMzZ2ZZpGUa5kg4,5000000000
17JiqQDvatn4TyaWSTtqvBw7NXwDT96a2x,5000000000
1PLZodi8iHfnmCYKRkVggiKtgk4iSjgTaF,5000000000
1BqhkaY96AfsCzzNjk2pQL8cuDFejDcz2Y,5000000000
17jLHRzGxmUUdtYrqydetVNQsoH1UBCJbH,5000000000
1NTSWVfZfVihvborPNijmJWehaWBKtDtSR,5000000000
1EUbsZhTdViBgTCCusRSFuErSTsynGX4R9,5000000000
16p8sPx2KcXsyVbSKzLy5vWm8UCyNLRUZY,5000000000
112csqHk8KzqLzAEqpW7UdHhi5mq9HsZAV,5000000000
1QGZAdDX53XoZEGn7YXKenBmMj43Ffo2dV,5000000000
19qAELDsLwCufiw9NCFVCp17ic1JmGPCHY,5000000000
18HBsCBByDXAWE7odiHY6VaoJz21P6WZoZ,5000000000
1HBXeBuZadQgB8z1MnpxJW8RtuQWPMGx9g,5000000000
15DkKvELmdwpRxhBY7a6WDFRvHGqm8zKG3,5000000000
18R9R9muqs14XnkByVw3R1SzDXkjeg7YxR,5000000000
1JG4fHkHWN6kSdnZvMmcHZGwYomyxiHNEx,5000000000
1JsCkX6unkrsDiLuYZtp7jTBZmbyd1aaox,5000000000
1NWTf66vqAYUJnzKyRf63MrJRok4F3ZcVf,5000000000
1FxgbRVBwk1NqHV7H3iZCSnMKRkFo1rZS7,5000000000
1PvwzUGiiMURD3TmngQBdrFM38SBA6Rea8,5000000000
12zbgJTwnvyqWRaR2ydhHAz5KeGYtZewMU,5000000000
1FVoviQKzejVGCdqyU8QWEJi4zxDPpL3y,5000000000
19p3HrKYY1pzkpxSeFNUgoiTPtSXrr8cwG,5000000000
1D4SspEwk1FcTsjSq4UovHkHXwoiseRoNH,5000000000
19ArXP3vG2wnWYueXaQpQ5S4ouBnzoE2p6,5000000000
1NYemL1UC7M4EJeJ9tyqADztVNpCnY4uup,5000000000
1FtNkKLefimNuT6mo41v9msoR63Y36oLCb,5000000000
1K8iR63VQ9LH7aqNpoWuHhwiDD5UFgyT4z,5000000000
1MSchWmTMA3PjCp1FSaF8QYbK8mm7e88Ys,5000000000
1N3NpdCayaEHVEPR4YF4cBdmm6nmduX1JD,5000000000
183rdLkDYjBcSf4ovbWbxdCko5effn3P2G,5000000000
1AeSrhsyZGin2MVR31WLdduN9yf8vsSxs7,5000000000
1CgNMESxRnKwH1FaTjuiZDCEv4kXQpdoqp,5000000000
13dcYoLguvyXXsjDNy5DPavoZa8KnG2WP1,5000000000
1BeNyh4NwqvHi2pAJnCwyardoZ5EBLitVL,5000000000
122PJ7gBBB9orw13t5GXwKaKtepExC9Q6m,5000000000
19RDrtix3cxKSBa7eUW7sQDDGBEgyYkpDT,5000000000
12sZkieuiGjRtGEb7aSj7GV72TLEhWTLhA,5000000000
18VJFiQnEBGHLtkCESgcRGmX5psKjAM5sr,5000000000
1LgaqA4tugPxYuQ2F7HU8VqxpWgg27T2tW,5000000000
1KpGSvKVPdH9xuhuSEpgYVPtuw8UA1YFYw,5000000000
14yQYK4poBEv4xD7Rj2dH8S9yDmszfaksM,5000000000
15jGc7jXLzHxCrrv38hRWeU9XHSEGfqhN1,5000000000
1DNv7KiQiPHpH19QgFWpJ11ep8NVz2ZPrX,5000000000
1HxS12vSqc73qN9y8UNg3bkErBKxNcTQc6,5000000000
1DEDR2z84A7EkyxLYFSmXMX6tQgpSVcswB,5000000000
1KQVancRN6P2sT862aFXArtPgKAZs7oyda,5000000000
12EKsnHWzNcbSZRhgyzxRGZDqv223TAvr6,5000000000
19UDwrGUAGh4go7mmwyjMdAE2Aos9DJdXT,5000000000
19ifsfFVPPCMQb4pj79CgBoVYUBDPLLthL,5000000000
1BzGLeUBrVtiKT8WSWLyshAZFj11bNKqWM,5000000000
1KMfXxbF4wZfMFWuu2bMkNgLhJHfwPzG7D,5000000000
15tpwgnDNWCgdDF5ZYxG2Bhp7d6EzbmtvK,5000000000
1DTXhjLC91QGWw94eKRvXK7MM8Rva3xJeG,5000000000
1G46ctanpTFXmBoTj3HgZwFD52k1uopqxg,5000000000
17NK952g6JE5Mpz5NHLV41kg4KfpepamNb,5000000000
1FWcH17dAcGvRV3DLwNaA3dtLNKYKqezpE,5000000000
1GFA85ZRJYezyeyUBbqExsE3mSkxTstjAs,5000000000
14rBBj7pjs8F18htkR4TaF36uTDW6dBQtF,5000000000
174ybxed8Kk45UqR3eCem3xXCAo3uZVC8U,5000000000
1NqxEQi9pgmoCzi5vh43ByT9EgAbQqcW2o,5000000000
14hbrCc1J8TG9zABJRcHoeKKgcjGAkoSdk,5000000000
115WXtVqehZRbhFJthjB8WKKHUwRhwNVV5,5000000000
156BJjAyXuuRpLgonBSqrES3woJ7refhVb,5000000000
1Jaou8NpRtuAwrGAXWh2Pk9jH3R2vJ9bPZ,5000000000
1CdZDnukUZ4QK3Ynjk5hukupczV2zzrXPh,5000000000
16MZ4wCAk3LL56gmPGdTXsfde9t2QcESkZ,5000000000
1CXNDyy9xoZnZE2tHZy7pHZKwSWamUXAP5,5000000000
1LWFZazDBRt6bGDb8ukkCo4H9o297S8pma,5000000000
12vQPdDVU8KHeXMSXBY7e4rRierNjWETLi,5000000000
1B44ewrqDcrUJhNkq1LMHVDBK7H6aYGNY2,5000000000
1Pg79FgcLERuNLUEssCLs5gqvNABX39PbM,5000000000
12TZ8x8vGU7wrSbuwhuN2X27UThztZnhoh,5000000000
16rzNsJXGXdq3ze3hQfymzF2kmxkqfqxSy,5000000000
13Koj25fgdCjR7nXzUpkVwZvcqBJXoe7ta,5000000000
18UivmS7ya9a6qVxBths7u9HkNgpaEU51w,5000000000
1FTybeKchc6Q2YreFjaacpruBSXscRBBZb,5000000000
1G75BV4KnKTD2fFVT8oVWwyYDzyLMHf9re,5000000000
1LGrYJHR3TpAumErM9n8DVPXjjPiRdrFhi,5000000000
14Qsfrz6nNkGkk7DJn9Y7CFBQU36p6RskL,5000000000
1PZ1GP1biDC2LJdYDKVnLQNDgHP3stveip,5000000000
1KmXj6KfvSWtVLsAq74P4uGjVbhgVkwezx,5000000000
14auTej3QwUSUrCkPZ9fjhFJgj7nd2XsiH,5000000000
1viDmh4YBVu4p36FAoGVRauuj9vf8HLmC,5000000000
1CoyDxjWnSJHbPttAX6xvryoEJbfPnDpGT,5000000000
177H7mG9LQVGqirPFHmFN41bn8VJgCCdTm,5000000000
1Hw9453BjioDuM2SY4Akm9rrECoxFPtTaB,5000000000
1DJJermeJRygmmi5APcvRXyQ9onJKwZG2t,5000000000
1BZHVp9fk2jh9LmmksRdKHUfDokdYJDm2e,5000000000
1DMLSRSars1WgLQeEBMz8kdiHYAt7uFiq1,5000000000
16zZ2Tputezac13V5b3NUJg1kr4fCrmsQQ,5000000000
1MRgY5euAVwnyCkhyF7CinFPTBWbRzHGiw,5000000000
1KKSJLKG3c3ii2Jafh3e5w6watf7yErBbU,5000000000
1A1k8nGkZ3XUxWkuonVEvwYRE2kJTPRvuP,4900000000
15iKYvnqHZfeTm4UoqgBGUdHxwDQKcWiGY,5000000000
13ggw2Np3ftP5cqcznRd3fJQcdXuLnM2Wu,5000000000
1EUEWNuSTHJ131PBitySw3vhgQFxGtqfe7,5000000000
18bQtoyqEaWuq2apEFCt7EVk3GHC5jEd9p,5000000000
148TcH4jcS7t3My2TjFeMaP4ivx8HpoR1K,5000000000
1EkRxxv9wErUFAuiDLgXtzP9t5BW1ic7QL,5000000000
13pfYhMRDwjdJDqSxeYfbHmbDi35Djg14M,5000000000
1Ee7BHu6NxkuUZwk8Ug4jHB53tmTf7fxkm,5000000000
1M7JixWSVJp8CYr3PstxTA4zXba2HXFNFr,5000000000
1KrUk8qTnLiN7L5bGaVQXqb84zht8beGDy,5000000000
1KeEuNbDGC76qr9ydMTQ84RibauyhsfG7s,5000000000
1LMmVHYr54JE7HYTXMPpU4MF2D62fTszQX,5000000000
15G9RzDmjidn9Z4JByCVmxk4xsSF1GsaXJ,5000000000
1FecaYuvs1249NxLsmTBY9yQr1YALkadtM,5000000000
12p7H3AKEkXTKfDkuACiU1WuHMKopMXiaJ,5000000000
15K1feE2ZbmPusfoVnkqkKtZbVR3tto3iz,5000000000
19rQuaH76dfhWsCM9nYnfcSrNiNpR5ax87,5000000000
1JNELkHxZr4Tjvzhjx7EaYiDCJvDv4iUyA,5000000000
1AvDpym1QDRBqRgNgg6DfUKUs1DT8pXD6v,5000000000
1JkcnteyrzECmJ9cbmNsdCMQFWrwqbgfDp,5000000000
1MN5bFHjvxAKrB31HBjvcDzLWW1b3DqXW7,5000000000
14Dnkat4MNLTWnRpwwhckjWc9rwmHVK8U8,5000000000
1835REZ6rsmvDSkmasyCr57XeF9hMPiEwj,5000000000
16TnHquTeH7MxWGUiPyfotp3Ns973LggCW,5000000000
1PZHKpXuvRpVs9yYCrCiWChwEmnY7uodD7,5000000000
14SAsNGXQ3XXhwYGEgvTmk2PRmBtCZ574H,5000000000
1E3HgajkweZx4yadHvRwzW7K38DBGuHJ51,5000000000
1A14FDK9PWEeRY77Er5XsKkhKQGXoxe9gc,5000000000
1ELG5ytJzGzDrDbMP2F159PsTq1ZoZzUS6,5000000000
1GA6nJVP6K2W2GKEiyEcwvtxQos8h2aQ9r,5000000000
1KymDkHwK6QgMbb9yNvi55kqQWCBZprboi,5000000000
1652R2WjMujDjcecDXCYBeSomHoRwXDRdf,5000000000
1DucLw6GpEzFXkuguWxhe79Db97cPan1Da,5000000000
1NDm7Pg6L9VfhwG28pmU21rEde7V7RPUjf,5000000000
1GHhAEkQ78g5n5B9ejjTXP8f2cZW4enK74,5000000000
1NhtcVLpv7snyeBHV74xVJHBdAwwGF8Pgw,5000000000
1Dqy7TpDxHCtFzJPCw8xYn3BoGaL8JV4mJ,5000000000
13rgpwJxmsAtj9ktidM96oq7MZbwn7DoVp,5000000000
1BNVEnRmCbdP5QbuPySTHkznoSMMnkbvG6,5000000000
1EQAksEyXPj5hpEBHCnCFUeJN7KUGahk68,5000000000
18RJS4h5FbwwFQGimF2o7SkrBXgBmDGFJZ,5000000000
1DFhVL3LWnJfi4812VFUBhL1ECWsJdxuVM,25000000000
1BQoabgP9z4GGCnh3UudzJYLdbLFUL37GD,5000000000
1h5DokRTwA7eS5YSaMsovTH9HJXaAMG8j,5000000000
1J3nkCdpA2851ay7VTUfzT2ZCbLqz9rkGG,5000000000
1DeFePPhMKMGTbdkrut7TRagoPntqdWmEG,5000000000
1CuJnnCC9CMeCQKVXdzWtKM9QPAwyaxQKJ,5000000000
1QGtJVgixQ59rZUrBVQusVA1u5ZgLfqBpH,5000000000
19n1iL5n2ByMB2jxW9ECEMouf5Rg4x3zJB,5000000000
1MHksgD3Nfis7iX94ay5pq7JTpMicL7mod,5000000000
14kRpiGvB5NPg1cUbiCaCq1YooprV293gg,5000000000
1HGmgvGvJtmuz2dJyANrviBD96btUxigaw,5000000000
15pDgwJ8e6QAcdasW8d3Qq5kuF5QMSyGzR,5000000000
137LBPY88N1wsecxVzzrh283h2Byz4aPST,5000000000
16pMnToFekMPAgtAJ65cWmUsL8xW8iuvPx,5000000000
1DGL2KfPMCt9pDN7fgMibZPS2eFWtycfSw,5000000000
12rMqNBHwKRCcePHp9NH7TS1qQLU1gXHUD,5000000000
1CtS2qgrGnWpCNr27zcFGqYBBR2KQWnKNa,5000000000
19TMPnfNzmiPC4tbKPLSrw5s3BiWeaPugW,5000000000
17kPp11hmUem8wjNkpmjdmBb1Wjv12U4LV,5000000000
1GiKcNzyjt7VV1W49kE8ZkDSP3g9gqaA5,5000000000
17RPxKikoKXkt2JFDZznbdjxL33zABxKAG,5000000000
16VhmETcz5KX5LqJi6K267Kfe7JDPLVukA,5000000000
15KD2qmHpNvte8SK48jjPWkVjgqaedZw23,5000000000
114KwER4auxfseP4ykUqar2qaLuhnkXfBv,5000000000
12cLujEiAYUKDrVuCGA1Fyq2TuRknGqmTH,5000000000
13FrNKrKFHn9Lc5eX4W9wM8qCy3TRFpo6a,5000000000
1Hi12mVfDPXAvdRELBWbXUeupDZm9hjzoB,5000000000
113zysZ4R19pjiicaJdfL6KXay2WFvBhP9,5000000000
1DYoXFyc1VaF7MLGheUY843JHJKbKxnEjs,5000000000
1AeJbCeVkw6HAS5Z2zAThYj8etReCp2rrD,5000000000
15wFP1Fscc4AxcwJzd6VagvrX3SETR5pxz,5000000000
1tbQro4jWCQ6ydtrPrUrh4rm2T66oXadZ,5000000000
19VnK3SFLMmmHmzRp7SMvzvnh6zqthKzzx,5000000000
1PBWBXHWamyo4HYgCrdWZ1anB6X81YMW5r,5000000000
17cDm3A3oxA4EBvYAn4WsM4e2xULCkxNib,5000000000
1AjuRG8MfAVaaMN9L2u1HWL39T85SHGm5R,5000000000
1AUD2u8bpLFDxn7xfYcGDk9AJgi1Zks6RW,5000000000
1LpGhGCHnQSk6mV1a2fizTd1ct5Z22k1qA,5000000000
18FkNb2VhANNXeK5rZdxf3S7iGuWdgiFiT,5000000000
1NncEWmkveqUhox89sa4DtC7svBzCbw24U,5000000000
1B57PHcsQ8Uvod14JJdwc7ffzYbC4govEG,5000000000
1Fv1RjHqiLF7Rz71p9rk3iA599yj9HBJrU,5000000000
1F87mJp2R3eMxxW57dQ2ZxnYTcFAEX7Y1S,5000000000
1LwozpaXWAW7ypRKBLismKjHGXb2HSmZKJ,5000000000
1LpsWWE35ET8PtdUaJDAkBb8NDNVYnW3gq,5000000000
1A1bBFxgz761FSQV7R336AiQjBbivRKk4v,5000000000
1MbJ5feX34TabLrLAWuVaJoq9xGcLJSYRa,5000000000
1MUaQxSB35TF8V3DM1kvhdeKzjSAihTU8o,5000000000
1NNQo4WAHFiSzqsAkjbsz28bQxeec5Kyf2,5000000000
15sXE74Whrwnjp7kYRRiEpNo35V17xfbXw,5000000000
1KKNMGhJrzx4xHhxBcSVFrAYireu4uwZWL,5000000000
1388eaNqGawNrGbfn9LWGSDJzXHxBJugBj,5000000000
1ALTC9SgpLB2QsMazB5inyh1VKREjGyE9h,5000000000
1CoEvJCxjw4JVUuyokCKzmMV2npA4bBdM2,5000000000
18iRadgXgBDR7zjG4deKo5Xaxh2xQtympv,5000000000
1GZvBNZSX56caXm3ZPieNx5GWHbR6uwLAV,5000000000
1DeGRsa1gsRa46xAvwZ6YxeEtrm6pv2ME6,5000000000
16ytkp18FMxBYGfwrSCaifmKxSr4n8LVSk,5000000000
1Eum4fEnHUxCESgmQ5w8pz6vJSpW9dTF2v,5000000000
15zrTLu5CYmAqHqzLdR2zShmUwKwzWaY5Y,5000000000
12n7mC2r4pL524Tchg8ASDWkubFQ55QT6D,5000000000
13TrURHn557Jr5LJNSuZVS5RBqYbHHnPLX,5000000000
15hc4TrKgnWknu2zRctLKWXqK1ityEt4g2,5000000000
1JhMG5V6rMWDSBvVeDaePP2ha8cssTyA52,5000000000
1Lv5oXS5MVE5rYV8RaJVKMuYB7f7FG9VsV,5000000000
1FLJ14NcUACG4yBYcpy4o1h1bNLDmYwctx,5000000000
17hdFJ9KSAUYzVpjVW2Er9tpdC26hvHGGB,5000000000
1AjhxRtSc9kLf8gdrKbAGneJCS1gzg2s66,5000000000
1MMUfNU74KM5hniYL7aYd6GKqPDAWa2JZj,5000000000
1kn6rpawNfXeNbbsQb7e4GozSBxdArgsR,5000000000
1Jts4bNoFfkrgbD6rfqxuTHgbwbHwvgCJ8,5000000000
1CcDmjC2ooZEnm1d39GG6wcqFL653zMJLd,5000000000
1JpsYjiM5FTVPoKCD8Gy7rkokboJFDvshz,5000000000
153HbyyWQaQrssiqH5RR6cVotWVsSLTTDu,5000000000
198GigUtoVirey9CLRFxYuEMqGNJoE4wMx,5000000000
133y6NyxR8EWLPK1ft6pVFoaLb2w1yCaAy,200000000
13wL5hbp8zdVkrx2RXRVBCxDFsKGmpPs7R,5000000000
1PXjYfQhWqGhxpnNdDpY3s6tTcAP1Vu5Xr,5000000000
1LZ6RJXLRJHCurvtwqeRRyGnex4fkGzMWS,5000000000
14Z6XRJ5JnmLNyQ6pnKjxMwvcnTAJRTRiM,5000000000
1FLxDKLZMKSNR22ajg6mSTc7BnwEaY9Nmx,5000000000
1DT3yqTv4tsXfx2z8gGnQN2Tz4ibU7WzBE,5000000000
13ASTQG41BNXStjEX7dLWJqba3ENzQzkFF,5000000000
1GUea7QnQm9wjWWU8VC74ATSCjADXAWMfc,5000000000
19eTsRZ8xvcicZQu14m8ybB8qA3S5eDmtK,5000000000
1EbKjFd1mbMJDouYmSejYD8h6ZTvs8zBxP,5000000000
1M74DTQoHC8doqUtjQCuozoKkqCnVCSPLA,5000000000
1JLmhMdLyeQE7YLeYXJn6gAHj3qkX9XrmD,5000000000
1DzFfcvaKmE2eynMjoLTKDv9PQRyoqnpWj,5000000000
1PaPpJqoMaBGzP1BUzSUgN8rBXKDVXoZiq,5000000000
1By7DGwtuVh27YAVZAvPLUMEboEFeCdWpk,5000000000
1NnCqWoJ6RkCbkiAJexDnS2mn41eyfRrhA,5000000000
1ChC2uWRHpyfax97FNEjirRCkJKmgpQhq8,5000000000
1CnRN5AELz967hPcYM2ccjz6yJRZWL9hsc,5000000000
1QDzH1szRQGGoV2CcUK8PNeTSDCfVBEDhL,5000000000
172cbRcD9WV7ucAvNh9NVsh6yNksfA2FEf,5000000000
14LkZZfHBgJeuUKEzvwREBXg3LnPjckvjU,5000000000
15ZxLgVKj447NQ4d62qvpsvZVc1Dq1Yhzj,5000000000
1F37gtgexMX2Bh3hzLaWujZwxRUCXoKVjU,5001000000
1A4YBeB2ArmdmuYu9e9Gip7aYeGkdnVDDJ,5000000000
1PRwGt24gDMxC7nNFRGhviJASLaTUfTXHd,5000000000
17ThmwAqiXQ18dpGdm93xpcWhtNNHSFijv,5000000000
1EWQnboDALcLNvnaFrUJiDwAM5tTHtw5ZD,5000000000
127b7Wb6suT1RttsWoR2V7kcbSv8jgcRiV,5000000000
1NbpbgAFWBMJYoEBqhR7TkktmEQwH8LQ4h,5000000000
122jKAdvNmxJhSK1irUL5D2abScsuSAmAX,5000000000
1yCp9dw64RUTKyjaLUozBAorWHVQYTsML,5000000000
1KfEPQ8umfg4tnVkskdkTKZ89reaBQx3Yr,5000000000
14RXvTU181o5RbD741aTbSGcTunve2LztT,5000000000
1BMKzEi5h7KVcoGm7TbZTZ82BBzqFoVS5M,5000000000
16PaPef88aDveXRRE8w8P2QmvFi81HqRhn,5000000000
18g1W9ijSWFtyqp3DxMvPbxWiif9i6dykL,5000000000
1Mnzz9SJyEiq49Vb4sovgPBbrMF6EFuMdq,5000000000
1FFwYJYjdtjUagG8d9mNSnSjNxYEEveDVZ,5000000000
1C43eTDSX77TSzXxdideaYR1UjUK1gE4y5,5000000000
17hLV9HG5bdm5r34xKeUtbnPQKjud645rE,5000000000
14cGbnaKp2YSEZeRRzoyXRqhrr4BtH7Noh,5000000000
1Gox8XBmrqSZffocghCA6J9CxYAvTJeXsh,5000000000
1Lbif3uZNpvznFUZ9GFgH5v7oPgziua74L,5000000000
1JyJH96Z4beeBuvkJeBDAdVmcPT6uGna51,5000000000
1Hswn8ANMDVXWdx6cvcwGxMEE2jZuEG7H,5000000000
1MFAhggk4Mhn73mZSXgsLZzig8J3G85Ap6,5000000000
1AAgHyXU7JVCEeQMvBG6vufHB8u5PEbHRL,5000000000
1H5AhropBmFyheoQgBdG1mRyBKPabmVUz9,5000000000
1FryZAkDDpHFEZq3LeCdVXrWQjzrwqPxiX,5000000000
12sQWzVyyQ84GwduJkdpmRJhNMFZyaUzQD,5000000000
1GdbyhcdvG3PceddoYpnT1tVzVZwGsj37j,5000000000
17ZKCQr6crHUMjbwPuvCNeWE4dNQC3d2FR,5000000000
1DhwyQubNdd86eWAaTFJqiAYsw4Hd7esZw,5000000000
18eqocGW1uTf2CFnkhmJ8jYyCUER8SrVWT,5000000000
1JvHcr1n8vk7m2H3FgK1wVjxcYWnzXxjie,5000000000
13ijm2ExZpg4d5KC8aN9WuVNfqrXVYGKUB,5000000000
13SUXkGB1ucymVzMZHMVBUUYQHJrGqExRy,5000000000
1D8SBJUdRzCy88XLf1rCUiQYyz8ommJ1UQ,5000000000
1EL2P9C4kgCxutUc1oJEGrqdUykDqvgnVf,5000000000
1Pimeu45PuuQa6FfAmG2zmhgSuAopUD3zw,5000000000
12Yf1VUZnMeBWfxG4ArtJBqcEoQMXjmXeF,5000000000
1Eu5GrY83aks5idXDPGpNSrLuHrMDymzT4,5000000000
1Eoh5u6t524PGvyQ9r4WD3RwkGZNDztdNV,5000000000
1ME9pPCbMekzmd16CmbBUZajKCE3pvkDG9,5000000000
1Dv4cwaoNc1Zj4g7jJMTBvr6BCTsc4NQ2m,5000000000
1LX7QxaU6b5EE8YGWRmyo91cjX3H1neriY,5000000000
1JAS7Anjw7JNLpW3PWkMqCrfZisGiP932V,5000000000
1Av6c53Cs6UxPoXWrh1N6pformfKrVUb9t,5000000000
1BipPd2vbcw9xmXGFHRs6A6B64VnqVQknu,5000000000
1AhWPa9A134ih1Sr5BRjmnM6EgGnj3DdWG,5000000000
1KQmJygvwWzSkCkufSXQ9vkN9HryWwpXeT,5000000000
18KNJgUJVmcc9rRSNTqPTRbvVPchjJLbcX,5000000000
1D827MB3WgzhEfkMfvntm6uHZtXMsn9qwq,5000000000
1CFSrycTt16bFoxzEcdTHsViRH87wCkatg,5000000000
1H39qAizhh6r6WVWSxxQj1gmahcpassj97,5000000000
1BEq4f6hHWAT71mmRegKw28RLW3prWtmet,5000000000
1JGJ8Au5XMGjvhTe6qyYxf5g91b3RsGN4Y,5000000000
1DCq8JukQVVwSmWJWvHCA5ahbVsjxRvzKB,5000000000
1ojeCnWhSynCNVs5GHmz3o9aguqEDHa2D,5000000000
12dcgEmxnsvsfwbyQu7PxJFfr2gYdQuNGU,5000000000
1F25H3xZPC2jjz2yjikjVeVyG1J4DmaNk7,5000000000
1GqGjLwhiN8L6pzGR8MFQStRiqeSaWqMDB,5000000000
12LVLheuW8LTZNm1Drru6PxtcPNRV6F3Hs,5000000000
1Hwk5QXeEX8WsgeAqosWf2Lg92hxGE58ha,5000000000
1K2F4thJF4TYVduNFQdJDzVUwnDx7LzRfH,5000000000
1Lt3A5MDpe7xHMkjnX2m6i8SVEpzt9mXtL,5000000000
1Gw1su63h1dPioDY948NYtQJ7he7AtsAq8,5000000000
1Mwx8Gm5fHcgo5ZoYpjpq3eDf1zqr4WBZ8,5000000000
1PwBiinvJiFH44apLuXdejCsTckrki48yD,5000000000
1A18MYDvhLJEe8eYVCWstyv1rwJDrGKmmj,5000000000
16i5kXFVuwDDZAFVqc27EufggEHt9uf4JU,5000000000
12UvQCA16SpeaoggwbV8htz3NByG8wpetN,5000000000
1Jy9iL645e5XjGRaHvtkm1R6YnDkQTx7gb,5000000000
1GBeXCykABjBoutV7MqCjvxuhjQzfkx6PZ,5000000000
13CgmGLYQTYF9cDFMSCB7vk1mBoCCy5FKg,5000000000
16vtzCS8MTAYPseFPCh3VFjaFEuMthqaqk,5000000000
15WXpVKuhq7HWJsDYqNsdEnwLZrYpSU7Rb,5000000000
186CZ2Wrk9we8ERG4tTJejmrijcfZSy9rd,5000000000
17k6MiUhnauzhRzxUJGj9sK6wabetECfM5,5000000000
15zgYDMpdST2jYrChzsryT5CHrWBJ9ZkeV,5000000000
1EGCZPaTdNPWqdMdVS21VKNrv2f4DxcTsb,5000000000
19ShezaALZoEsJW1BmF9LbbReAot1Ttm6N,5000000000
1P6dQt1TEvC1K98yNsAmm9McW7oANn8FV1,5000000000
14kY65yjPKL4h2EZmrmVaqJb6sBzp3Tdxr,5000000000
18zr1zpe1NbGAT5mejf5TZEmhrVJK8XLum,5000000000
18Wq2T1C47uU8JFL59hHpDssyuzRM9rG8S,5000000000
1DdBKsHyEXFbEAS7LHgZ95ggV6DGPiLD1t,5000000000
1HxAq1CsNWPKv9gM2SaLkLrSNJKrA625js,5000000000
15NqPSPpJnCwsJhYTC1fEHu6aufTHGqPG4,5000000000
1MbPLspAKYGK2p8eFxHFWMvAw4DUyPx53p,5001000000
1Csg2Nw6LE2cCvb9nDMc3hMc3UnTHboGa,5000000000
17SBwmEaQjZ7hMYudd9jufEhJgKbojJ8Ys,2500060000
1M2h3etVvJ8MgPvaBvrnEyQuqSAWJds7Bd,2500000000
1Q4Wh5wsuEnmWhSjCCPomCvnRQP6Lzxbmd,265220
17XPqVw8ZDKJF4pXA4BJ3n98Vg2mQeVYF2,6217767
1NNxFjS1icmkNsx23RkEnJNdwWDCs8cwuf,466630
1Lb3LfgYZGx5vRNuzmYCRLjK5AD7xQCWbc,5846546
1cHErNkhA4tdd5QNFU2jY48u52DkLujW2,80000
12WL3KtLbmqx8dFg18TnhxpcM87s7gaj31,970000
18fPy6sxzgN5gnsRbeEbCeRZ489kxXpWzU,22030
1BKNvXEVceXibhtU8kecNT9ApZhrERXQJq,12320
1K6DNA7a7FtNZmqdrAsSn1ZJMvpCwhYAzP,19800000
1EWJhgGBregKEG8SAZ3iutKnKBbaFSvEHT,70998
16ToFd8HeJJULnbyzR3jJZ1jv3m3tVYUDe,54265630
1NEFoyuF8CBaxviqZRLEfRt9CgQeaNhCuM,699600
1AK5zTakKMT7MVxoFDnSkFyCH27TeWrC5T,79040
16MfXQeVZr3os5ATP11HxeRia3VxxwiV5M,9990000
1Koia6Ufa4b2HBcKUU24yMZ9v57KEPr99B,15000
1HMmoByCe2jYawNqHrXcfbCJYMFfm5qQF9,940000
1PvJuvLqodvgHSfE3tztyj7tSADPZcj1We,46800
1GVSqTk9SMJLwavdfq8kZF5qhmzeBhdyEV,395125
1GAc3j9XuBHLNumAJ54bi9S8xSDSWu6oKK,4103279
15fEbox5KwJuL2NCraK6YZ6J9fSYrhStHx,240000
1FvSQCtkCzTs8dhD5pnPNphYM6BiRJV441,11818
1DeVVcHaiUbHtxkBQjpY1CTaggSPFSrahy,13450000
1MoCbNaQbN4i2iYF3FHFKSQc7D2tKip3mS,146400
1CktUy9zyMoFBTAhWUiu34xEGvC2cgWBt4,1125000
14TtA9asRiRUYE1Ftxu5fERtqTTfMsHbFk,153718885
1MtYQfFMPHHQkF5u6iLTwdAy9Yik4TbYR6,140000
1A1pH5cU8XTYo1zu8hBcXDETsp7w3ym4yz,10423161
1MokveUMKmUZRCkuHE7LFeQ5dx5m7myPnW,2116461
17EjG6RVxrRPyZA1zkPn3BviQvpScsZTcm,990000
16TNkw2negHMmrFx4E9mdfxgQoFgTwwfTG,520000
1AFJPtxCULbyQq2dacPLLaU147NnBFEkaQ,10620
1GC22dwfhKThmVs9RKbzoLDVkXKbZnxJPd,90000
1MVfSdrsUvR55kPgQ8idXZ2nNyEp9gUJHu,3344957
17fXvKV8RgDCtin5dJaD4TPW2AgddktBfe,90000
1EJ1FF62Sx9wdt6wLcybdLeL91vwXJSYqA,987773
1CLeY9HmyxjZNxAnAmM7GB73cnyeD4tuQH,940000
15neBqxKSWogKm8VrFLXzLraba47P81Gip,86400
12M6pE4rgHfy3PMYUFYu5ZRFpSKEu35v96,49145
13BpcRKQedipsvfSVHgnV8tKxEyLDkvSyh,11360
1FNUFbz4CDu8jVEfuUrJ8eUV4RddEob5PG,4066013
123invstdbPFrDLLR7eB9mx48t3rZDwK2t,9870000
1Dpq6urWkvG41x3EbCePj15yMF1ztsYyFZ,97101426
1EBY775wXfBzSDvKuYYeanuD52UP3LdBE4,796277
1JHVHVU3FjGqRpRhAyjf9dUJHZW1onwngx,9990000
1EJHBmbdXkN221QjkKqQ6Bm8YTd5j8j8mq,2390000
1LveowuJgpBfiY6Cz6UZeYJMKPdic49o44,1362056
1KDMEx7tkZNW1uBZ8DhGroSLVH9TXtEM25,90000
1MEBcGMj6qtCdWJ6ArMcdSu4VsxwprSakP,19385
1DAVHc1Skt6oJFEitFoYco2gSY3zPr4NX4,2500000000
16TUaqP891r5K88hH686RAhUA6q2w6MngY,88231
16aAXNQUFnvxznb6dYfaURXR7TQEQQQkow,80360
137fyqXPPa8N7Hv4dWL6eBWXwYtU4SAjqT,50000
1HbLFYUHcDbzmJrDgKtoCH4iQwmSi5yZfP,30000
1LkP5kjgbBFgSWRWjeR3q74mwfvuEGePsu,990000
1A3vqcSUSr426CLquYoahusBj2MvA65UkW,11927
1NakGVHeXzPpYXXADV6gL2ZnRYfZLKfWS5,697507
19jXek4HRL54JrEwNPyEzitPnkew8XPkd8,382122675
1KhNw1RtKNFJFeR8gzB5yVtHA2owujWMx8,80000
1NJ7zCFLxiA9MK5seLjgVCgGcUvaXWcWXC,1246000
1Mf9pn8yib8bEWoJqxY91pvfNTDcKsNhgW,81610
13qEJ3mbqXjWZfRavXY7BP8scBXP5DETs7,120954
1KdykbCVihpo3Q4RPF6njG5NxxxwK1DBET,10800
1KWTGFdJed2Km2F2KfjxXqYkZbwqP9BUsB,200000
1K1Summ8eCVSdWtHU6TQPK2pmfwaW6z1BN,100000
1LD8vw5zANtTBMV34oC3pedmQydmFKPD29,35000
1J1SMGPzfobKReMvCYfaBf4tshzzeDc9Db,26000
1DN9RQbaxsZvNjJp3uN2dRPEQQpzZPM9dQ,2000
1NnMhoUop7CHKCy5MHYHP24Yx75UhJWQvF,800
1MbCDrD8fkqXr4M2HXYuyzLfYGEN4evUer,40000
15vSQtsaQj3CCXCEsL95Up3udnJYuiW9t4,80000
1AebgmMFHCy52bNHYAjfvzPUi5NHmomhfR,1290000
1r7MeBgFUYjouAywaC1XpWwrpck3sKEjP,40000
1HRRURSfxj8NntfzcPT4ajz7uBefLuwLmB,5000000000
18xph1cecYkJwD81bHSKZ3SrUsPqinU2bA,5000000000
13ph5zPCBLeZcPph9FBZKeeyDjvU2tvcMY,5000000000
1HwmP33SaknLYShXfjVU8KmVThU3JiuVgH,5000000000
1MVXEbi7xErjRaszVDwycUbeR8dYBVNKnE,5000000000
1CQrDCsUkuvB5SUa9G2eAc8xqYZeK68x7j,5000000000
1CFBdvaiZgZPTZERqnezAtDQJuGHKoHSzg,5000000000
14CSP7wTwnse4FXfbqY7XNu89w3Ns7GwiX,5000000000
1B1r9TQDiX2U2boVKToMRjpcYgjvzpkWp7,5000000000
1JYzcC3FH4LLoZrFsDmhNUZDSqTNua63Gm,5000000000
1NY3Pr8EYgy74K5DwQCYkKsE4dYNeiGUGg,5000000000
19RxKcnMuA1BM2aJvEMdR2kGpMzWWZZsgG,5000000000
19Cyr9njynqZb6myzbwdAaxA6mskceYVpy,5000000000
1NsA4Q8K6QPe6E5EobvBxf4BaMZ2fwVZFq,5000000000
1LcKE8oCKP668wukHAvTYyGWtFXA3RPard,5000000000
15jqawy4NJNZrpVk6WsHucecVKs79zWuWr,5000000000
1BHEaAyq1SstBkKm45MVxW5yQn1ZVeDAJe,5000000000
1HN8RhmyTQYm47ni4pFMhcGFU9Kzq53G3q,5000000000
15rau8784NmsVEirV1x2WfRrk7gMwbcLsU,5000000000
1AbGykgxB1JoYT4mpzgfqyDFkVKja5aU8a,5000000000
1HmE3DjnRmJBxPvXSAZ6UZ5d2rYkxakKh9,5000000000
1KGpr9uoKPKNCmvFWstQYitBmgbX1uXshC,5000000000
1Hw1KmEsvZziTfqkqm2vKH2qJuWXJQRvbK,5000000000
1CDLe9BKFUszWjBWvGu3zjtYGx4JKhNvt2,5000000000
15zzrk3b71DWRBJ3mk36YbLAtUUJnYFbhy,5000000000
1Ta3NyQjWcECpcxqSwzTeWYUC9SPj3cfn,5000000000
156ezyfJEbyjb1mNZDRcdMDUxZ9f8tv6iv,5000000000
1H822SZMV6upNyaLyYtb7tXA32wUc17k3e,5000000000
1BnxTmm8heEHoeVkLFWCdeQGQKd76iBNHJ,5000000000
1AHNsRToQ9BM1cFtEuBG84UUfibxqrXLLg,5000000000
15sVkjojUyRAxYneBEBbzcNujmjP2GXmUS,5000000000
15nfpmGKrYGaJbEPPBMjtYmbxuFhZxhPcy,5000000000
1KhBn9osU4YGV7FctXZGEQpwvRNuQKusZn,5000000000
19g5ocjVJzkEkafsWXVXQrp62trH8nbvQk,5000000000
1MguYSUKFXNGMEKdLhBqtZW1w6CJDq7JzN,5000000000
16AjHB7uFj4VrWZuG8ynhqbcxdgL2UEpMx,5000000000
1Jgo1EohdR9wKfiRMRjVyjrLfeQfdaw2pD,5000000000
13r2nAnabfPPsx2S9turKiHjdTK2qDWPzi,5000000000
1EnFnGMxAjzCaaAxai9nCCkGtn5cG1AXg8,5000000000
16iWiosFJndxWK5yhoY3J11MrESEzc3aYX,5000000000
1MvfqgD9t312zB6BpW91jcLP5eW8s4uXaK,5000000000
14rLQp3ZDF3QcwM6Jm4jdBuegDppBXTge6,5000000000
1BXfjdDJ7Dy43g11ah11z3Do4KFrBuQYTC,5000000000
13h4hAEdiL8PiPP8yec84t2hrC78NZH3uT,5000000000
1KPtyJjLujTujM7ReVDz5CqajruZSL5Qrb,5000000000
1BPvRRXmDgDGttsL39mvtHoMuAPzwuXVFc,5000000000
1HGC8oarXbcH8tPsReZTS3yZzwwtQZ8B53,5000000000
1DBeaAVxXBroBvXo8fPjmS7wtaSQzoNdUG,5000000000
14fwxk68dZHh1Ke2hkXJVv3XHV57yWUfm5,5000000000
19ThKMRpfTWoDKxwkoXc8ZN6BdPmwE8VXu,5000000000
17JfymfQ8JZB8npUMrM15NBfgEVMV7gmLE,5000000000
1Mja4rGvNcwV2ryPCN2aRcp8P7fJqSaoiq,5000000000
1KBDhtU5oHqCuod61RKHnxCkozzvHQVcSH,5000000000
1JnGrMSqdZZUy28sD8mwVqo5kS4Ed1tbMK,5000000000
1KTyMtdGwScS5q9KWHYMkq9tfjaqAd49CA,5000000000
1K1gRHBGRhBT52ykGFumhEPXgceAnphq2G,5000000000
1K6XMPq2T5XpRzf2GCrFiD6aG81brr7Ann,5000000000
17dDtsPyFzxFZVHeUj5EG5qNJbnKzukC8f,5000000000
1KYwrqKXZLjGZdD3hpi9j2tKku4S1CUqC5,5000000000
143emzyyFrMV6A6FhMPJuqcKhFXV4AkC77,5000000000
1F6NLFPK7WraU6BnAg4w3gB8yR3HPbgfvU,5000000000
1AHDKKC1aQh9KPMHBqjE3za3v912qJNL2i,5000000000
1bgGh6ygb7u47tfqpPo6H9ANvBPoF3ez5,5000000000
1NSkGr6gtfy1bSdQ5ystDraSXM68nVj8Pr,5000000000
1FNem6fMSfwygJcJCwZh4NWeBNkPPx5ub7,5000000000
1eu6WKun78hhHQpQ7UgVzr44a6yfhyMh2,5000000000
1BCYJyR2njspRAAWtb8T3AKhUpgZPizvNA,5000000000
1M9MSJV6x9wimw3UY7t4QAZwnnWBtTrdTb,5000000000
1PS8FnmiLK1nvqEKfJxBMMsHnCvoTW37tJ,5000000000
1EGKSGKXKAmDoZu8huuDHCFKmMb5Px2bKC,5000000000
1EvAdijweeY5PxfxzbzBFgjUZvwFaKcVER,5000000000
1GELMAcYWuJ8dbUsvM2KqR6Bw5pugkZTwY,5000000000
12KPt6vw6kcCQGwNQJHz86LA6akdp6BE5T,5000000000
1PTNpWQPppSu76tC2ozzb3jxBrjUwVECG,5000000000
19jhbSYbTDhZa34DKjJN64JUZCytpqRoBS,5000000000
13p7cv72pLnpe3j4rH964ctM1KPg6xa68J,5000000000
1AUxkG2R9dfGhRj8FVsy4wvpEhVC6NSG9d,5000000000
1AwLmEypvmB3eHqZpkDtEmfuPeSEs8Qox5,5000000000
1GmdLKe3r7ws9ANZqJBCEE5Tcxk8Me18tq,5000000000
1Lj9TxJqESt8zC1iM3CRapMMygQd6pygGY,5000000000
1U4QEi5pzUb3ngwwufM5BwEkvgGHTm95c,5000000000
1BrHPvwXzWXkNjdqjRPpDNJm43Dc33yv6U,5000000000
1KNvjBFzTMF1EosqzVeDRk2stEfpmBgscW,5000000000
161LBPqak8MtGt3tLq97FaSi1KyGchCwjS,5000000000
1Mob2GqccG3tZLSP1iyTfjGcvDmFm1584r,5000000000
1APKnriccRx2aUuT7N3rVhXZEYzVFZCikX,5000000000
1CDJN6R2bqhaR9edTzb4CxeguBhtEPo8a6,5000000000
1HcowpgXwPL1XJAGJ9duRKXhd2kjdJCLgQ,5000000000
1M7a1KxDas1ron3hpqXJwLa4pD83DPHDHQ,5000000000
1EGSRdSrnN6vSnNX3rhbtHDFmtzfeRQT6T,5000000000
1Eg8VyWV5TntNzrU2XSzzwEarkgjMMof3s,5000000000
1HzNkJSM7McY8zFRj24pzcqBGWmbZxN3iR,5000000000
16drs82thtXPSzHt8TfTsPuQE1qkp5bAYk,5000000000
12GYb4HkNnKy7hstsNRy6F6ZUep68ztyG8,5000000000
1NrdnFK13gdpgpfnZD499XtSiFDvG1EQxP,5000000000
1PLWgnmGhXc6kV3sHnk2Yx4Qe44NGpmxZj,5000000000
1276KbQUGhi2MDGcUG38BS9K9u56RdqxKD,5000000000
113AquhKMmLL8bn9Efxe5hLSRvNLvFC2uh,5000000000
18Y3T5dq8aDwsd3muGqbjfd7B7ykobTtSH,5000000000
16Kt3uSC8FVjDcyy9HKqyi3dzELmPDM9Jc,5000000000
1TXhB6eeYcEaKZdkjBjwZcrnRV4wShfLi,5000000000
18MQuvddpsqzjhwRM34QbikY9PZnYnv1SJ,5000000000
13mtLjtu64987m8raQ8KFEUkWHyigeyQP5,5000000000
18qiyPRSUMHGad5ZV5ktqcDpH4VomdGGrL,5000000000
1E8RvUi4owE5gEcn16JfdC6YbWTvBvxZCK,5000000000
1DSbWaN2SKFPpHF9pK2bQzNh1vSgaYhdyg,5000000000
18EEXNHBen58sZTejyKeAvFy9qFKbdr4ra,5000000000
1Ni8MPrQxGkzWtz3KcmbCeHnPrLLHQceHj,5000000000
1MN4bvtmwcCNt6JrX27T5ciphfq17Vmv4k,5000000000
13mZtQt2AceYpCmjtkngU6HjfjZd1GEJd9,5000000000
1bhpcbUGysjd2DHRYH2XxBTwW5YMJGbX6,5000000000
1NyREymTGLfmXW5a1Hy82KzMEgCeCQdFL2,5000000000
1BurEbtWrmijPFy9osgpW5qbsWAYeTZo2Y,5000000000
1GRhyjuNDMZFhcnTjZm5Yq5LdLUfLG7s2D,5000000000
115zoWcXavkzRnJZKTTnSuoVkBC47xKLhG,5000000000
13ZuMWdJpsDtBqGoxBqFUxV9NWTZsSEZSQ,5000000000
1D9yQEEkjSMHfcxMr3fCFLKpMmt7QrTzLG,5000000000
1Q63j2UBabpneJgLDSLA5c2Jsd1DPTNKK9,5000000000
1BqbTEBncmBZaUtmbSc74vhy46EbKFbDMq,5000000000
1D6cSA7ApXVny52fV4kkuu4jC5iLyPZ4fU,5000000000
1JUabkmTZy9GmnwpjqDYrwJDvWXLAHd8x3,5000000000
1HodjtEZT7jWJ7HGxtuyQ4PujDK9NCgqgg,5000000000
18kpaFcA7Thd9GuxfgW5VKSo3NTLoPt7AK,5000000000
12hszeGhYnCsFt8Hf7SEFoJJtNjcgWZsRT,5000000000
15Pjv2iKWYDNwerPK5YGbexX8ueXS3AY5Z,5000000000
1HTV83EppuFkSt8ZePsTb3m7F1V7Sn5Fph,5000000000
18nViT8AKvCRohtwKXkDyJ2i14iVd9ruy1,5000000000
17LG4wzMzTyW91WcMMS6JNaosFCUWb8NbG,5000000000
1LbPD4KhKXV6rrJBihQf7tfHRTFa4qmETn,5000000000
1H3F8ToE48dRBnYfJKUiMZU1U5iUPRnncc,5000000000
16GvPRWm9NMwwPqr1SXELSqP97DiWL8VyX,5000000000
1BrLFo1mt8CUfBNV3NcYhEHbeqqiyJLRs2,5000000000
1DDvuxxooaB7WvgmGyGXd8QkEZJPyvmYxZ,5000000000
1EziwXzKZEX8PMSCLzb57VHViF9rwhpjpz,5000000000
1762NXpHwMdLJoes3WjrNsQ3WEUCt9cNh6,5000000000
16BiVkxk66D6DC7jFpwKCEp4JxWL3B2G5E,5000000000
19rG5xCcm2wNXo3F7NUGUgibzxX2ZzxjXa,5000000000
1BJH7EQRwPRh1qWH96SqQFQkL7sfPnDV17,5000000000
158A4xzjJYJMHjyaNv227Hn9oune4v2mVx,5000000000
17YFGYurshtJEjGrMDCqurEvF4qbtTcqkG,5000000000
12wTN1AUE5FZTHAHeP7tC237foGpkdmLQL,5000000000
1NsnvVR2Juzk4G1zXWgsJsFPy1gQ6tTUxY,5000000000
1NjGr4JcessGSDXqTysWmNhx9fLhLrWNZe,5000000000
1KnKvz7UGJWgxPiNuaPXD9kSvsHE7BctEP,5000000000
1APNy5J515ZYkdHinpyHektZTFpC9iVM9p,5000000000
144hSAKfQRbEk63cPAnrZKZ9jjsAjX2fow,5000000000
1FfPULUsNcks35i3YtDrmviMEfFx6FaRnK,5000000000
1CbhfCMvjofqxgZVgoMsBfTUyQ6ocxkbKT,5000000000
1KwTZdwtFA3cocdnewWX6QDt7XsxDkBdUq,5000000000
1NFUL77Ea6MYRfdbArd2ZxhrVWNWh4eVBk,5000000000
191v74TYkxVnTHhbLp3gXUgCMpX8Wo7Vbg,5000000000
19zLcir8Z8dXRQRHhyW4XtQ9HcjUPTM4XA,5000000000
1CHfchGGJn7BKUjSMtYwwttsyWmUdsLftA,5000000000
14VXVea1DJnDQwxAiQY3XpSBAyHSjYwoSX,5000000000
1GgQatYh8LpFpfRCVxP1ZWmRaGViqRkNDa,5000000000
1NuCsJA8fUL11e82TnsjNGVuNhx9qvPCEr,5000000000
1Q2xG1wfJ39va2ygGRd1tA2xdPsERQa4oQ,5000000000
1DbmzEgX5WE5wWgTYbWJbyokYDRx1QCgZ,5000000000
128DvCTjW4p9M6F6cKxSVZLSaFUPTMqiyb,5000000000
12MfZDGgnve1nV2XxhgA23mSZupn8wgrYU,5000000000
1ExkM77eadKX8tHoZkVYu1pizCjDxvgdsw,5000000000
1JoiKZz2QRd47ARtcYgvgxC9jhnre9aphv,5000000000
1PoF5phT1e5ejtGob8EgAM8mk7MK9Ztujs,5000000000
18xModuQVNTN7SpWA6mVXprvKCMB5UJ4VK,5000000000
1DtJB7cGYYrbbGJGH3PFNd2HakfGgqNKat,5000000000
14AHKRsQxNqo7HKfFHae1HeUHN5D5muv1x,5000000000
124kCW6FbMLELVDGKxXf5YyeKMYK5diktQ,5000000000
1EBce5AYCz8rFmi1xEdFH6njxdsomhbpaN,5000000000
1FggD4rgMLLLPK7BTbAgkTocqK4k1v5XKu,5000000000
148RFezzPeCCRbFGMVWdWWmJq4sCQEJAg3,5000000000
15erDVgznEZSazqowQDE4uYFbGymiwe9B4,5000000000
1EGMHgq4PCguobFj9Rxb1reau8q8WwG4qB,5000000000
1MWdw928JjMGUEeoWc5Pc43soo8j19zpxk,5000000000
1CwRJXyBDn9gt7cGy2PLqPhT2uR4k2YJFZ,5000000000
155e9WkjX3L4nMTaFAi2TjcBPazoprkGdg,5000000000
152oc3t83aY14k9c1vKWnA4jJRrGdJS29o,5000000000
1ATAhWKXPUQQV3FBDzdzYh9W3qeyj7Y2EX,5000000000
18F6SAyUixGXZYBaKdxKyewNYAZ9jpRgbJ,5000000000
12HttFph45BUVg4s8HewSipkUQqyenHKrF,5000000000
1LzDjbJspKMyNfCjUm1KCkx3y3wg5BpJGG,5000000000
18nZ37DH7TN3BXaWVDf5wtvFCJXHQFK4xF,5000000000
1F4aJY6TfG98JMQ2yGjWhHGJjahiKyNz3o,5000000000
1AsGrUMderAyejkVVmm5UGe7H6zLfQK2h7,5000000000
1HofNELrKaTfhbXmbMTnCsJDxLP7v9jV6z,5000000000
17zmkaxtFiUxriR8eLKypSxWxyauAWyAya,5000000000
1KPm9FndLX24Qw6gTJqnirxrW7YhYf7sFd,5000000000
1Q4nZL3TbL7CtNvpAwFEPo2hMfveA9L9sW,5000000000
1ESC7LmQDQk6wCyAjwpYZUG1xerF29Zfwu,5000000000
17x6rY6GGMAXWFnFhhrYG18vSyAT2Mxcg8,5000000000
1Cu7ZU4mvRgfyz6cqWiTV9KhYzwUXZBnwc,5000000000
18NfZ4cMJSGk81aneRJcX1V622FmR3aihD,5000000000
12DbtndhooYzoCsGV69kA6HwBbhEvi9Qtp,5000000000
1GDCEtSskgh3qTNuz7H3soHbjwx9WtMvww,5000000000
1N4PDV44s3YmyzyCmh2ccSALG6M7LQ6RqV,5000000000
17mRvckhqx4XH2YEVumkZT4gNav861rums,5000000000
1JGhR1JxgFe4LA83zsVvawNUCBUp6bft5w,5000000000
12AcGGTvySaEVKokwYjKdgEyegaWz2X7yc,5000000000
1D2n1HEymdRU1urmJ9c4PUP463VfyuTotx,5000000000
1K8xqRvtiFsXdwgViEa9XpYxwWqFjTH21S,5000000000
15fiDyYj8Yqd4Aw8mYueZBG6Z79Z5hfDob,5000000000
193roh8pHzQm1PhApyHE8BEAdCgSzSPEr3,5000000000
13PhcwBojZzNqCdzxVDpJACbXJsRyYuM4C,5000000000
1G3Xsa7K3W4G9uYDGTCjgk6CCeQxZKb8nw,5000000000
1CzKBgfx9wuHpcGp5zz8oujDjbkSVqzr7c,5000000000
1FzBu3DtnmsgjxjFXfwekfKs7ZFRRZZtz7,5000000000
121qEfRnksyvYDBnWzLWtTbxXyhFaXSY8b,5000000000
1BDaaMbtv7NVtBtaoUMiMd7KvBF4xNGBAY,5000000000
1Cz4xoSThkGHbpATXDNGZWRt6fp6ymhSxD,5000000000
18LAHXnFWU7afX4ZXg8wNUrxQvV1Fh9L1w,5000000000
1FU6BwnmyX2pCy2yoW2VbMPZmjSAcL5zeu,5000000000
12dvu45wgCmX5b3ERmkbCifDmfXyi66C23,5000000000
17ZDNskomMJrXeQBQoS19PKhUp3Hns1UkR,5000000000
1GjAS3AoM8BYRB8PYZ3iQgKzjvgRE94cWg,5000000000
1LjzotnDbFEyaPFAhTPBUEDffVFtKjCnCm,5000000000
1KJDqXGoX2qGXxxYZf7ei8kv5MVZU2ueTp,5000000000
18sHiaCitoTjbcfPPW311MCuWxn53NtxbT,5000000000
13CBdMmBqGRBaT2ZY8JNeN1V5bKBX8Xxfj,5000000000
1EagtoBTycCy9Z2ARG1DFhWPvUXuL2peoC,5000000000
13G3c4QFDRUYaWPMH9JBRJHhVi9FwgHXda,5000000000
16DDQUFBN823xJFGno6eEz6sTZCsTR7csr,5000000000
16DbzD7NRwHn6bYahGLMjVsWoQVAToEZwW,5000000000
17d1Qwd6dbpGvUxYfHZv9mEXUJoVny8S3X,5000000000
145u7nc3qDsdTuSZw5uAT9e4P3mSkF1uwU,5000000000
1LNGFY4dGkiL6Dqvufn5fABaqDFEn3esV4,5000000000
1DHDYTdRqnxaNBfAid5eisz1ohXerd7WaP,5000000000
1CENfHAFLGz4D6jvjMVkTcYPUcSiPqVud9,5000000000
1TwyU3mDdW3k27TgnB9byi2FUNo4REYYd,5000000000
16WaJFs5eLi9motsEtipWEGJ7FGiDzLDQH,5000000000
1ANnCHiS1WnVv3HUGUVD8tpckkoNv1gDNb,5000000000
13KtDDyRi8LDXFp4wyS8EmBnhvMDwagZWr,5000000000
19v1hWMVUzrdkwM5RWRBrzoewk73S4iuW2,5000000000
12vKVeWcnTAkzJuNcACUNCEDvLsh79TSHF,5000000000