alpha_percent,k,scenario,baseline_holder_count,holder_count,baseline_total_sats,post_total_sats,supply_diff_sats,baseline_hhi,hhi,delta_hhi,baseline_nakamoto_33,nakamoto_33,delta_nakamoto,hhi_direction,naka_direction
0.5,1,pi_I,37564,37564,171831920736257,171831920736257,0,3.3559490433565803e-05,7.6946542060852454e-05,4.338705162728665e-05,11162,11046,-116,DETERIORATED,DETERIORATED
0.5,5,pi_I,37564,37564,171831920736257,171831920736257,0,3.3559490433565803e-05,4.5414468674781963e-05,1.185497824121616e-05,11162,11046,-116,DETERIORATED,DETERIORATED
1.0,1,pi_I,37564,37564,171831920736257,171831920736257,0,3.3559490433565803e-05,0.00017014711279285583,0.00013658762235929002,11162,10929,-233,DETERIORATED,DETERIORATED
1.0,5,pi_I,37564,37564,171831920736257,171831920736257,0,3.3559490433565803e-05,6.7198866255750158e-05,3.3639375822184355e-05,11162,10929,-233,DETERIORATED,DETERIORATED
2.0,1,pi_I,37564,37564,171831920736257,171831920736257,0,3.3559490433565803e-05,0.00050598881157104948,0.0004724293211374837,11162,10692,-470,DETERIORATED,DETERIORATED
2.0,5,pi_I,37564,37564,171831920736257,171831920736257,0,3.3559490433565803e-05,0.00014055591943698266,0.00010699642900341685,11162,10692,-470,DETERIORATED,DETERIORATED
5.0,1,pi_I,37564,37564,171831920736257,171831920736257,0,3.3559490433565803e-05,0.0027090383664191355,0.0026754788759855695,11162,9950,-1212,DETERIORATED,DETERIORATED
5.0,5,pi_I,37564,37564,171831920736257,171831920736257,0,3.3559490433565803e-05,0.0005989331431350308,0.000565373652701465,11162,9950,-1212,DETERIORATED,DETERIORATED
10.0,1,pi_I,37564,37564,171831920736257,171831920736257,0,3.3559490433565803e-05,0.010365869152877629,0.010332309662444063,11162,8603,-2559,DETERIORATED,DETERIORATED
10.0,5,pi_I,37564,37564,171831920736257,171831920736257,0,3.3559490433565803e-05,0.0021572487298129766,0.0021236892393794106,11162,8603,-2559,DETERIORATED,DETERIORATED
0.5,1,pi_T,37564,37565,171831920736257,171831920736257,0,3.3559490433565803e-05,5.822473451650385e-05,2.4665244082938047e-05,11162,11047,-115,DETERIORATED,DETERIORATED
1.0,1,pi_T,37564,37565,171831920736257,171831920736257,0,3.3559490433565803e-05,0.00013289165657395059,9.9332166140384779e-05,11162,10930,-232,DETERIORATED,DETERIORATED
2.0,1,pi_T,37564,37565,171831920736257,171831920736257,0,3.3559490433565803e-05,0.00043223053461240889,0.00039867104417884311,11162,10693,-469,DETERIORATED,DETERIORATED
5.0,1,pi_T,37564,37565,171831920736257,171831920736257,0,3.3559490433565803e-05,0.0025302874401163032,0.0024967279496827372,11162,9951,-1211,DETERIORATED,DETERIORATED
10.0,1,pi_T,37564,37565,171831920736257,171831920736257,0,3.3559490433565803e-05,0.010027183187251192,0.0099936236968176263,11162,8604,-2558,DETERIORATED,DETERIORATED
0.5,5,pi_T,37564,37569,171831920736257,171831920736257,0,3.3559490433565803e-05,3.8224734516503872e-05,4.6652440829380689e-06,11162,11051,-111,DETERIORATED,DETERIORATED
1.0,5,pi_T,37564,37569,171831920736257,171831920736257,0,3.3559490433565803e-05,5.2891656573950542e-05,1.9332166140384738e-05,11162,10934,-228,DETERIORATED,DETERIORATED
2.0,5,pi_T,37564,37569,171831920736257,171831920736257,0,3.3559490433565803e-05,0.00011223053461240899,7.86710441788432e-05,11162,10697,-465,DETERIORATED,DETERIORATED
5.0,5,pi_T,37564,37569,171831920736257,171831920736257,0,3.3559490433565803e-05,0.00053028744011630446,0.00049672794968273867,11162,9955,-1207,DETERIORATED,DETERIORATED
10.0,5,pi_T,37564,37569,171831920736257,171831920736257,0,3.3559490433565803e-05,0.0020271831872511982,0.0019936236968176322,11162,8608,-2554,DETERIORATED,DETERIORATED
1.0,3,pi_I,37564,37564,171831920736257,171831920736257.000000001,0.000000001,3.3559490433565803e-05,8.5077087853462541e-05,5.1517597419896737e-05,11162,10929,-233,DETERIORATED,DETERIORATED
10.0,3,pi_I,37564,37564,171831920736257,171831920736257.000000001,0.000000001,3.3559490433565803e-05,0.0035318992291861417,0.0034983397387525757,11162,8603,-2559,DETERIORATED,DETERIORATED
1.0,3,pi_T,37564,37567,171831920736257,171831920736257.000000001,0.000000001,3.3559490433565803e-05,6.6224989907283892e-05,3.2665499473718088e-05,11162,10932,-230,DETERIORATED,DETERIORATED
10.0,3,pi_T,37564,37567,171831920736257,171831920736257.000000001,0.000000001,3.3559490433565803e-05,0.0033605165205845312,0.0033269570301509652,11162,8606,-2556,DETERIORATED,DETERIORATED
0.5,3,pi_I,37564,37564,171831920736257,171831920736256.999999999,-0.000000001,3.3559490433565803e-05,5.1031723130871955e-05,1.7472232697306151e-05,11162,11046,-116,DETERIORATED,DETERIORATED
2.0,3,pi_I,37564,37564,171831920736257,171831920736256.999999999,-0.000000001,3.3559490433565803e-05,0.00020288721337453854,0.00016932772294097272,11162,10692,-470,DETERIORATED,DETERIORATED
5.0,3,pi_I,37564,37564,171831920736257,171831920736256.999999999,-0.000000001,3.3559490433565803e-05,0.00095407275854497492,0.00092051326811140913,11162,9950,-1212,DETERIORATED,DETERIORATED
0.5,3,pi_T,37564,37567,171831920736257,171831920736256.999999999,-0.000000001,3.3559490433565803e-05,4.15580678498372e-05,7.9985774162714e-06,11162,11049,-113,DETERIORATED,DETERIORATED
2.0,3,pi_T,37564,37567,171831920736257,171831920736256.999999999,-0.000000001,3.3559490433565803e-05,0.00016556386794574232,0.00013200437751217651,11162,10695,-467,DETERIORATED,DETERIORATED
5.0,3,pi_T,37564,37567,171831920736257,171831920736256.999999999,-0.000000001,3.3559490433565803e-05,0.00086362077344963773,0.00083006128301607194,11162,9953,-1209,DETERIORATED,DETERIORATED