population,baseline_holder_count,baseline_total_sats,baseline_hhi,baseline_nakamoto_33,alpha_percent,scenario,holder_count,post_total_sats,supply_diff_sats,hhi,nakamoto_33,delta_hhi,delta_nakamoto,hhi_direction,naka_direction
Top500,500,3398773057384,0.012983541487090534,45,0.5,pi_D,10500,3398773057384,0,0.01285403316075681,46,-0.00012950832633372433,1,IMPROVED,IMPROVED
Top500,500,3398773057384,0.012983541487090534,45,1.0,pi_D,10500,3398773057384,0,0.01272517901149744,48,-0.00025836247559309425,3,IMPROVED,IMPROVED
Top500,500,3398773057384,0.012983541487090534,45,2.0,pi_D,10500,3398773057384,0,0.012469433244201751,50,-0.000514108242888783,5,IMPROVED,IMPROVED
Top500,500,3398773057384,0.012983541487090534,45,5.0,pi_D,10500,3398773057384,0,0.011717896192099207,57,-0.0012656452949913275,12,IMPROVED,IMPROVED
Top500,500,3398773057384,0.012983541487090534,45,10.0,pi_D,10500,3398773057384,0,0.010517668604543328,70,-0.0024658728825472064,25,IMPROVED,IMPROVED
Top1000,1000,5898773057384,0.0046696074091333905,210,0.5,pi_D,11000,5898773057384,0,0.0046230305752272861,212,-4.6576833906104322e-05,2,IMPROVED,IMPROVED
Top1000,1000,5898773057384,0.0046696074091333905,210,1.0,pi_D,11000,5898773057384,0,0.0045766922216916358,214,-9.2915187441754664e-05,4,IMPROVED,IMPROVED
Top1000,1000,5898773057384,0.0046696074091333905,210,2.0,pi_D,11000,5898773057384,0,0.0044847309557317083,218,-0.00018487645340168214,8,IMPROVED,IMPROVED
Top1000,1000,5898773057384,0.0046696074091333905,210,5.0,pi_D,11000,5898773057384,0,0.0042145706867428839,231,-0.0004550367223905066,21,IMPROVED,IMPROVED
Top1000,1000,5898773057384,0.0046696074091333905,210,10.0,pi_D,11000,5898773057384,0,0.003783382001398048,253,-0.00088622540773534248,43,IMPROVED,IMPROVED
Top2000,2000,10898773057384,0.0015783490362944455,540,0.5,pi_D,12000,10898773057384,0,0.0015626075046574098,544,-1.5741531637035715e-05,4,IMPROVED,IMPROVED
Top2000,2000,10898773057384,0.0015783490362944455,540,1.0,pi_D,12000,10898773057384,0,0.0015469498904721866,547,-3.1399145822258879e-05,7,IMPROVED,IMPROVED
Top2000,2000,10898773057384,0.0015783490362944455,540,2.0,pi_D,12000,10898773057384,0,0.0015158864144571862,555,-6.246262183725931e-05,15,IMPROVED,IMPROVED
Top2000,2000,10898773057384,0.0015783490362944455,540,5.0,pi_D,12000,10898773057384,0,0.0014247100052557382,578,-0.00015363903103870731,38,IMPROVED,IMPROVED
Top2000,2000,10898773057384,0.0015783490362944455,540,10.0,pi_D,12000,10898773057384,0,0.0012794627193985016,620,-0.00029888631689594389,80,IMPROVED,IMPROVED
Full,37564,171831920736257,3.3559490433578346e-05,11162,0.5,pi_D,47564,171831920736257,0,3.322723451650375e-05,11219,-3.3225591707459676e-07,57,IMPROVED,IMPROVED
Full,37564,171831920736257,3.3559490433578346e-05,11162,1.0,pi_D,47564,171831920736257,0,3.2901656573950565e-05,11276,-6.57833859627781e-07,114,IMPROVED,IMPROVED
Full,37564,171831920736257,3.3559490433578346e-05,11162,2.0,pi_D,47564,171831920736257,0,3.227053461240899e-05,11393,-1.2889558211693562e-06,231,IMPROVED,IMPROVED
Full,37564,171831920736257,3.3559490433578346e-05,11162,5.0,pi_D,47564,171831920736257,0,3.0537440116304413e-05,11759,-3.0220503172739333e-06,597,IMPROVED,IMPROVED
Full,37564,171831920736257,3.3559490433578346e-05,11162,10.0,pi_D,47564,171831920736257,0,2.8183187251198685e-05,12422,-5.3763031823796609e-06,1260,IMPROVED,IMPROVED
Top500,500,3398773057384,0.012983541487090534,45,0.5,pi_I,500,3398773057384.000000001,0.000000001,0.013341324005791029,43,0.00035778251870049495,-2,DETERIORATED,DETERIORATED
Top500,500,3398773057384,0.012983541487090534,45,2.0,pi_I,500,3398773057384.000000001,0.000000001,0.014489684613582838,36,0.0015061431264923042,-9,DETERIORATED,DETERIORATED
Top500,500,3398773057384,0.012983541487090534,45,5.0,pi_I,500,3398773057384.000000001,0.000000001,0.017123964561772755,22,0.0041404230746822212,-23,DETERIORATED,DETERIORATED
Top500,500,3398773057384,0.012983541487090534,45,0.5,pi_T,503,3398773057384.000000001,0.000000001,0.012862363994090143,46,-0.0001211774930003906,1,IMPROVED,IMPROVED
Top500,500,3398773057384,0.012983541487090534,45,2.0,pi_T,503,3398773057384.000000001,0.000000001,0.012602726577535084,39,-0.00038081490955545021,-6,IMPROVED,DETERIORATED
Top500,500,3398773057384,0.012983541487090534,45,5.0,pi_T,503,3398773057384.000000001,0.000000001,0.012550979525432543,25,-0.0004325619616579908,-20,IMPROVED,DETERIORATED
Top1000,1000,5898773057384,0.0046696074091333905,210,1.0,pi_I,1000,5898773057384.000000001,0.000000001,0.0051591792825470811,202,0.00048957187341369061,-8,DETERIORATED,DETERIORATED
Top1000,1000,5898773057384,0.0046696074091333905,210,10.0,pi_I,1000,5898773057384.000000001,0.000000001,0.012108112857659666,122,0.0074385054485262758,-88,DETERIORATED,DETERIORATED
Top1000,1000,5898773057384,0.0046696074091333905,210,1.0,pi_T,1003,5898773057384.000000001,0.000000001,0.004610015555024969,205,-5.9591854108421473e-05,-5,IMPROVED,DETERIORATED
Top1000,1000,5898773057384,0.0046696074091333905,210,10.0,pi_T,1003,5898773057384.000000001,0.000000001,0.0071157153347313788,125,0.0024461079255979883,-85,DETERIORATED,DETERIORATED
Top2000,2000,10898773057384,0.0015783490362944455,540,0.5,pi_I,2000,10898773057384.000000001,0.000000001,0.0017203016080361202,533,0.00014195257174167471,-7,DETERIORATED,DETERIORATED
Top2000,2000,10898773057384,0.0015783490362944455,540,2.0,pi_I,2000,10898773057384.000000001,0.000000001,0.0022376259976175372,510,0.00065927696132309175,-30,DETERIORATED,DETERIORATED
Top2000,2000,10898773057384,0.0015783490362944455,540,5.0,pi_I,2000,10898773057384.000000001,0.000000001,0.00368387481138413,463,0.0021055257750896847,-77,DETERIORATED,DETERIORATED
Top2000,2000,10898773057384,0.0015783490362944455,540,0.5,pi_T,2003,10898773057384.000000001,0.000000001,0.0015709383379907426,536,-7.4106983037028513e-06,-4,IMPROVED,DETERIORATED
Top2000,2000,10898773057384,0.0015783490362944455,540,2.0,pi_T,2003,10898773057384.000000001,0.000000001,0.0016491797477905198,513,7.0830711496074322e-05,-27,DETERIORATED,DETERIORATED
Top2000,2000,10898773057384,0.0015783490362944455,540,5.0,pi_T,2003,10898773057384.000000001,0.000000001,0.0022577933385890714,466,0.00067944430229462593,-74,DETERIORATED,DETERIORATED
Full,37564,171831920736257,3.3559490433578346e-05,11162,1.0,pi_I,37564,171831920736257.000000001,0.000000001,8.5077087853461213e-05,10929,5.1517597419882866e-05,-233,DETERIORATED,DETERIORATED
Full,37564,171831920736257,3.3559490433578346e-05,11162,10.0,pi_I,37564,171831920736257.000000001,0.000000001,0.0035318992291861282,8603,0.00349833973875255,-2559,DETERIORATED,DETERIORATED
Full,37564,171831920736257,3.3559490433578346e-05,11162,1.0,pi_T,37567,171831920736257.000000001,0.000000001,6.6224989907283878e-05,10932,3.2665499473705532e-05,-230,DETERIORATED,DETERIORATED
Full,37564,171831920736257,3.3559490433578346e-05,11162,10.0,pi_T,37567,171831920736257.000000001,0.000000001,0.0033605165205845317,8606,0.0033269570301509535,-2556,DETERIORATED,DETERIORATED
Top500,500,3398773057384,0.012983541487090534,45,1.0,pi_I,500,3398773057383.999999999,-0.000000001,0.013711608699773264,41,0.00072806721268272971,-4,DETERIORATED,DETERIORATED
Top500,500,3398773057384,0.012983541487090534,45,10.0,pi_I,500,3398773057383.999999999,-0.000000001,0.022514605164626559,13,0.0095310636775360249,-32,DETERIORATED,DETERIORATED
Top500,500,3398773057384,0.012983541487090534,45,1.0,pi_T,503,3398773057383.999999999,-0.000000001,0.012758502344830766,44,-0.000225039142259768,-1,IMPROVED,DETERIORATED
Top500,500,3398773057384,0.012983541487090534,45,10.0,pi_T,503,3398773057383.999999999,-0.000000001,0.013850001937876662,16,0.00086646045078612836,-29,DETERIORATED,DETERIORATED
Top1000,1000,5898773057384,0.0046696074091333905,210,0.5,pi_I,1000,5898773057383.999999999,-0.000000001,0.0049073300494113818,206,0.00023772264027799132,-4,DETERIORATED,DETERIORATED
Top1000,1000,5898773057384,0.0046696074091333905,210,2.0,pi_I,1000,5898773057383.999999999,-0.000000001,0.0057052575273916408,194,0.0010356501182582504,-16,DETERIORATED,DETERIORATED
Top1000,1000,5898773057384,0.0046696074091333905,210,5.0,pi_I,1000,5898773057383.999999999,-0.000000001,0.0076825304905105965,169,0.003012923081377206,-41,DETERIORATED,DETERIORATED
Top1000,1000,5898773057384,0.0046696074091333905,210,0.5,pi_T,1003,5898773057383.999999999,-0.000000001,0.0046313614085606207,209,-3.8246000572769723e-05,-1,IMPROVED,DETERIORATED
Top1000,1000,5898773057384,0.0046696074091333905,210,2.0,pi_T,1003,5898773057383.999999999,-0.000000001,0.0046180242890650411,197,-5.1583120068349371e-05,-13,IMPROVED,DETERIORATED
Top1000,1000,5898773057384,0.0046696074091333905,210,5.0,pi_T,1003,5898773057383.999999999,-0.000000001,0.005047654020076218,172,0.00037804661094282752,-38,DETERIORATED,DETERIORATED
Top2000,2000,10898773057384,0.0015783490362944455,540,1.0,pi_I,2000,10898773057383.999999999,-0.000000001,0.001877498625503864,525,0.00029914958920941852,-15,DETERIORATED,DETERIORATED
Top2000,2000,10898773057384,0.0015783490362944455,540,10.0,pi_I,2000,10898773057383.999999999,-0.000000001,0.007313845159080375,378,0.0057354961227859295,-162,DETERIORATED,DETERIORATED
Top2000,2000,10898773057384,0.0015783490362944455,540,1.0,pi_T,2003,10898773057383.999999999,-0.000000001,0.0015802732238055198,528,1.9241875110743122e-06,-12,DETERIORATED,DETERIORATED
Top2000,2000,10898773057384,0.0015783490362944455,540,10.0,pi_T,2003,10898773057383.999999999,-0.000000001,0.0046117960527318333,381,0.0030334470164373878,-159,DETERIORATED,DETERIORATED
Full,37564,171831920736257,3.3559490433578346e-05,11162,0.5,pi_I,37564,171831920736256.999999999,-0.000000001,5.1031723130872375e-05,11046,1.7472232697294029e-05,-116,DETERIORATED,DETERIORATED
Full,37564,171831920736257,3.3559490433578346e-05,11162,2.0,pi_I,37564,171831920736256.999999999,-0.000000001,0.00020288721337453642,10692,0.00016932772294095806,-470,DETERIORATED,DETERIORATED
Full,37564,171831920736257,3.3559490433578346e-05,11162,5.0,pi_I,37564,171831920736256.999999999,-0.000000001,0.0009540727585450018,9950,0.00092051326811142344,-1212,DETERIORATED,DETERIORATED
Full,37564,171831920736257,3.3559490433578346e-05,11162,0.5,pi_T,37567,171831920736256.999999999,-0.000000001,4.155806784983721e-05,11049,7.9985774162588636e-06,-113,DETERIORATED,DETERIORATED
Full,37564,171831920736257,3.3559490433578346e-05,11162,2.0,pi_T,37567,171831920736256.999999999,-0.000000001,0.00016556386794574227,10695,0.00013200437751216391,-467,DETERIORATED,DETERIORATED
Full,37564,171831920736257,3.3559490433578346e-05,11162,5.0,pi_T,37567,171831920736256.999999999,-0.000000001,0.00086362077344963783,9953,0.00083006128301605947,-1209,DETERIORATED,DETERIORATED